id,first_name,last_name,email,phone,date_of_birth,occupation,important
1,Giffy,Leatherland,gleatherland0@squarespace.com,706-294-5809,1937-09-11,Quality Control Specialist,true
2,Delmore,Duhig,dduhig1@rambler.ru,214-534-9877,1951-12-02,Technical Writer,false
3,Hatty,Trattles,htrattles2@hhs.gov,440-275-7591,1958-07-19,Health Coach II,false
4,Vanya,Wigginton,vwigginton3@goo.ne.jp,808-349-6968,1943-01-29,Media Manager IV,false
5,Elmore,Adlem,eadlem4@epa.gov,291-195-0382,1996-04-04,Junior Executive,false
6,Bendix,Lieb,blieb5@usnews.com,190-985-6495,1934-05-03,Legal Assistant,false
7,Odilia,Southward,osouthward6@altervista.org,423-134-3322,1933-04-22,Assistant Media Planner,false
8,Sigismondo,Dowrey,sdowrey7@163.com,616-334-6869,1949-09-11,Geologist III,false
9,Catherine,Quipp,cquipp8@surveymonkey.com,538-188-0609,1942-07-03,Food Chemist,true
10,Glenda,Sibbert,gsibbert9@purevolume.com,900-253-9217,1999-09-02,Account Representative IV,true
11,Claudia,Cason,ccasona@craigslist.org,609-649-3672,2003-03-27,Recruiting Manager,true
12,Seward,Pieche,spiecheb@mapy.cz,563-626-6846,1993-08-13,Help Desk Technician,false
13,Franny,Nottram,fnottramc@biblegateway.com,637-596-4629,2009-12-25,Cost Accountant,true
14,Dorothy,Boyda,dboydad@apache.org,426-721-9235,1931-01-26,Account Coordinator,true
15,Ailyn,Heavens,aheavense@ed.gov,137-184-1470,1996-02-27,Registered Nurse,true
16,Karalynn,Reddie,kreddief@wikipedia.org,234-213-3281,1986-03-19,Design Engineer,false
17,Layton,Cathel,lcathelg@ucsd.edu,922-111-8137,1996-10-26,Software Consultant,true
18,Holly-anne,McKitterick,hmckitterickh@e-recht24.de,976-600-7958,1964-05-02,General Manager,true
19,Bibbye,Brigdale,bbrigdalei@seesaa.net,885-863-6377,1934-05-05,Tax Accountant,true
20,Danella,Cornels,dcornelsj@springer.com,411-334-0507,1930-01-14,VP Marketing,true
21,Charlene,Petrecz,cpetreczk@elpais.com,374-656-0250,1951-02-12,Engineer III,false
22,Thurstan,Hullah,thullahl@privacy.gov.au,342-178-0072,1996-12-10,Systems Administrator II,false
23,Brodie,Hefferan,bhefferanm@shareasale.com,222-879-2795,2006-07-31,Project Manager,false
24,Eyde,Harbisher,eharbishern@freewebs.com,214-592-2331,1962-08-21,Compensation Analyst,false
25,Isaac,Ecclestone,iecclestoneo@aol.com,871-328-5874,1930-02-03,Financial Advisor,true
26,Ravid,Hutcheon,rhutcheonp@youtu.be,718-713-6915,1989-09-21,Cost Accountant,true
27,Tanhya,O' Faherty,tofahertyq@hatena.ne.jp,936-814-3649,1986-05-25,Mechanical Systems Engineer,true
28,Opalina,Doyley,odoyleyr@abc.net.au,174-834-5337,2001-12-25,Account Representative IV,true
29,Skelly,Best,sbests@nsw.gov.au,150-968-8965,1945-06-17,Desktop Support Technician,true
30,Lee,Peile,lpeilet@unesco.org,659-307-2398,1999-11-10,Nurse,false
31,Woodrow,Verry,wverryu@spiegel.de,436-458-2634,2010-12-09,Junior Executive,false
32,Caz,Grishinov,cgrishinovv@list-manage.com,140-363-0451,1956-06-08,Marketing Manager,false
33,Luke,Scogin,lscoginw@sohu.com,299-390-3035,2007-08-01,Teacher,false
34,Kimbell,Pakenham,kpakenhamx@icq.com,897-136-2082,1966-08-28,Chief Design Engineer,true
35,Arlyne,Wallicker,awallickery@fotki.com,168-103-1956,2005-11-26,VP Marketing,false
36,George,Borrill,gborrillz@smh.com.au,160-252-4691,1971-01-09,Desktop Support Technician,true
37,Frances,Kremer,fkremer10@paypal.com,644-244-1283,1986-04-19,Director of Sales,true
38,Peria,Olivetti,polivetti11@blogspot.com,414-959-4222,1997-05-05,Assistant Media Planner,false
39,Em,Fairnie,efairnie12@loc.gov,984-272-1045,1935-10-19,Software Test Engineer III,true
40,Parry,Ruslen,pruslen13@webmd.com,757-387-6089,1951-05-08,Assistant Media Planner,false
41,Trevor,Hirsthouse,thirsthouse14@soundcloud.com,634-698-1767,1979-08-20,Senior Financial Analyst,true
42,Costanza,Cusick,ccusick15@storify.com,106-366-3817,1993-10-28,Dental Hygienist,true
43,Raff,Eglington,reglington16@bloomberg.com,903-388-2783,1954-06-27,Recruiting Manager,false
44,Derick,Arno,darno17@sourceforge.net,538-380-9621,1985-05-02,Clinical Specialist,true
45,Alaster,Kummerlowe,akummerlowe18@seattletimes.com,638-402-3374,1942-04-18,Help Desk Operator,true
46,Brittaney,Stanworth,bstanworth19@blogspot.com,729-783-7443,1939-01-27,Food Chemist,true
47,Kathie,Purnell,kpurnell1a@cafepress.com,616-868-6567,1945-01-09,Nuclear Power Engineer,false
48,Kath,Theriot,ktheriot1b@marketwatch.com,126-677-7312,1998-09-11,Human Resources Assistant I,true
49,Chelsae,Allbut,callbut1c@discovery.com,755-205-9386,1961-05-11,Assistant Professor,false
50,Oren,Harlowe,oharlowe1d@paginegialle.it,335-293-6744,1993-04-27,Assistant Media Planner,true
51,Rebecka,Ethridge,rethridge1e@bbb.org,942-677-9340,2000-06-21,Computer Systems Analyst IV,true
52,Webster,Atcheson,watcheson1f@twitter.com,486-401-7247,1934-09-27,Web Developer III,true
53,Heloise,Gale,hgale1g@japanpost.jp,351-484-3767,1987-03-06,Information Systems Manager,true
54,Casie,Aldritt,caldritt1h@mozilla.org,711-486-5461,1932-04-27,Web Designer IV,true
55,Abbey,De Carlo,adecarlo1i@jugem.jp,528-149-9501,2003-07-21,Analog Circuit Design manager,false
56,Sigvard,Trappe,strappe1j@yale.edu,114-320-2715,2010-09-17,Health Coach II,false
57,Demetris,McCourtie,dmccourtie1k@senate.gov,331-778-7593,1967-11-17,Teacher,true
58,Liam,Foad,lfoad1l@mapy.cz,947-646-0238,1952-06-05,Business Systems Development Analyst,false
59,Maud,Rothermel,mrothermel1m@uol.com.br,305-602-9846,1930-09-14,Quality Engineer,true
60,Joellyn,Hawkshaw,jhawkshaw1n@theatlantic.com,569-377-6750,1970-06-14,Recruiting Manager,true
61,Cletus,Swepstone,cswepstone1o@naver.com,154-637-4763,1969-12-25,Executive Secretary,true
62,Luis,Kelso,lkelso1p@sfgate.com,394-543-9083,1990-03-08,Computer Systems Analyst I,false
63,Emlyn,Pantry,epantry1q@myspace.com,571-264-1835,1956-05-19,Research Assistant II,false
64,Trent,Chucks,tchucks1r@blogspot.com,983-426-5189,2001-12-24,Internal Auditor,false
65,Hephzibah,Sherrocks,hsherrocks1s@xing.com,343-747-8700,1944-12-07,Research Assistant III,false
66,Delila,Matherson,dmatherson1t@geocities.jp,435-681-6084,1959-10-25,Geological Engineer,false
67,Alene,Fransemai,afransemai1u@joomla.org,599-865-5924,1935-06-06,Sales Representative,true
68,Nerta,Dunstall,ndunstall1v@mtv.com,430-273-4283,1992-04-11,Account Executive,true
69,Wini,Harlett,wharlett1w@biblegateway.com,487-840-7645,1962-12-31,Sales Representative,true
70,Bram,Craney,bcraney1x@meetup.com,133-992-9069,1960-01-12,Senior Financial Analyst,false
71,Donaugh,Zanotti,dzanotti1y@xing.com,374-502-9568,1960-07-05,Database Administrator I,true
72,Nessi,Leroux,nleroux1z@howstuffworks.com,125-472-9793,1960-10-09,Pharmacist,true
73,Coleen,Keener,ckeener20@i2i.jp,671-954-9378,1948-03-05,Environmental Specialist,false
74,Gratia,Elias,gelias21@google.pl,718-964-9337,1973-05-08,Tax Accountant,true
75,Calvin,Mumm,cmumm22@meetup.com,177-523-7522,1933-07-17,Teacher,true
76,Rosa,Straniero,rstraniero23@hostgator.com,392-621-8985,1941-11-08,Operator,false
77,Gonzalo,Tabbitt,gtabbitt24@tamu.edu,162-153-9264,1990-08-16,Senior Developer,false
78,Herb,Riddles,hriddles25@miibeian.gov.cn,749-137-1560,1984-12-15,VP Quality Control,true
79,Mandie,Illes,milles26@tiny.cc,482-439-2870,1978-10-24,Recruiting Manager,true
80,Somerset,Rhymes,srhymes27@newyorker.com,153-596-6337,1979-08-11,Data Coordiator,true
81,Earle,Crosswaite,ecrosswaite28@craigslist.org,168-339-2739,1973-07-08,Account Coordinator,true
82,Nickie,Meehan,nmeehan29@qq.com,829-477-9519,2010-08-03,Accountant III,false
83,Sigfrid,Seely,sseely2a@globo.com,202-253-8913,1992-06-20,Help Desk Technician,false
84,Camille,Reisk,creisk2b@ca.gov,515-239-2860,1999-11-18,Associate Professor,false
85,Rick,Aberdeen,raberdeen2c@wired.com,898-171-7512,1936-05-24,Engineer I,false
86,Ambrose,Patterson,apatterson2d@paginegialle.it,547-919-9815,2001-05-06,Programmer Analyst I,false
87,Ronnie,Bamblett,rbamblett2e@cafepress.com,513-171-1313,1933-08-30,Data Coordiator,false
88,Ashley,Grishmanov,agrishmanov2f@umn.edu,221-810-9249,1994-01-12,Payment Adjustment Coordinator,false
89,Jonas,Sargent,jsargent2g@sciencedaily.com,382-987-0173,1939-01-29,Systems Administrator IV,false
90,Skippie,McQuorkel,smcquorkel2h@mozilla.org,777-891-4496,1943-10-28,Structural Analysis Engineer,false
91,Harrison,McGivena,hmcgivena2i@bluehost.com,437-619-0158,2001-06-02,Graphic Designer,true
92,Lanette,Besemer,lbesemer2j@tmall.com,445-705-8014,1948-06-27,Information Systems Manager,true
93,Lovell,Berthe,lberthe2k@so-net.ne.jp,122-857-8242,1987-10-09,Developer II,false
94,Maurene,Pitcaithley,mpitcaithley2l@wikimedia.org,941-631-2400,1971-03-29,Product Engineer,false
95,Norean,Lendrem,nlendrem2m@woothemes.com,752-835-0852,1944-12-20,Help Desk Technician,true
96,Pru,Macrae,pmacrae2n@ihg.com,708-528-3238,1973-11-29,Assistant Professor,false
97,Gery,Upchurch,gupchurch2o@facebook.com,519-501-7344,1967-02-13,Registered Nurse,false
98,Eugenius,Bocking,ebocking2p@sphinn.com,843-478-1158,2003-05-16,Civil Engineer,true
99,Marcella,Mutch,mmutch2q@hhs.gov,542-738-6550,1941-04-13,Director of Sales,false
100,Vanni,Gwilliam,vgwilliam2r@earthlink.net,844-206-4779,1996-04-24,Senior Quality Engineer,false
101,Xymenes,Nickoll,xnickoll2s@com.com,350-494-5288,1947-06-10,VP Accounting,false
102,Demeter,Barnish,dbarnish2t@icq.com,851-185-7884,1945-04-27,Financial Advisor,false
103,Carlen,Rustich,crustich2u@newsvine.com,533-103-0190,1983-05-25,Librarian,true
104,Lorant,Giacomucci,lgiacomucci2v@webs.com,913-216-8717,1978-11-06,Structural Analysis Engineer,true
105,Georgie,Bullon,gbullon2w@ucla.edu,577-417-0205,1939-11-05,Business Systems Development Analyst,false
106,Dolf,Finkle,dfinkle2x@xing.com,151-577-2606,1973-12-10,Assistant Media Planner,false
107,Katrinka,Chern,kchern2y@ehow.com,269-360-5751,1980-12-16,Design Engineer,false
108,Cordy,Snasdell,csnasdell2z@berkeley.edu,306-496-1671,1975-11-03,Developer III,true
109,Dante,MacRury,dmacrury30@cornell.edu,531-402-4887,2005-06-25,Health Coach IV,true
110,Allina,McCombe,amccombe31@nydailynews.com,848-372-5999,1954-02-04,Quality Engineer,false
111,Yovonnda,Teacy,yteacy32@yahoo.co.jp,527-650-1980,1956-05-16,Environmental Tech,true
112,Ragnar,Jendrach,rjendrach33@com.com,402-535-5263,1989-02-03,Structural Analysis Engineer,false
113,Ulysses,Gerhardt,ugerhardt34@cisco.com,385-959-6755,1994-09-21,Administrative Officer,false
114,Venita,Pollitt,vpollitt35@goodreads.com,933-449-3019,1962-07-26,Biostatistician IV,true
115,Minor,Peart,mpeart36@devhub.com,804-981-6043,1975-07-23,Accounting Assistant III,true
116,Di,McMurrugh,dmcmurrugh37@yellowpages.com,865-271-3619,1947-09-28,Staff Accountant III,true
117,Berti,Simao,bsimao38@auda.org.au,269-167-0016,1978-06-08,Recruiting Manager,true
118,Kaycee,Wittke,kwittke39@nature.com,168-126-4190,1945-03-18,Physical Therapy Assistant,false
119,Alaster,Lippingwell,alippingwell3a@cisco.com,141-882-0204,1950-11-29,Assistant Professor,false
120,Meghan,Gosker,mgosker3b@dot.gov,714-443-1649,1975-01-13,Assistant Professor,false
121,Karen,Tebbet,ktebbet3c@squidoo.com,149-308-4295,1980-05-01,Senior Editor,true
122,Margery,Keppie,mkeppie3d@amazon.co.uk,925-607-1592,1988-11-08,Payment Adjustment Coordinator,true
123,Michaella,Bastone,mbastone3e@google.nl,366-773-7346,1999-01-24,Account Representative IV,true
124,Claudette,Bosanko,cbosanko3f@state.tx.us,760-636-6019,2000-01-23,Chief Design Engineer,false
125,Jefferey,Disdel,jdisdel3g@utexas.edu,755-633-9797,1972-06-16,Safety Technician III,false
126,Jane,Barff,jbarff3h@craigslist.org,802-565-5446,2008-07-22,GIS Technical Architect,true
127,Brittaney,O'Brallaghan,bobrallaghan3i@imageshack.us,853-648-2458,1945-10-17,Associate Professor,false
128,Collete,Potteril,cpotteril3j@alexa.com,998-215-4349,1994-09-24,Office Assistant III,false
129,Catha,Raven,craven3k@ed.gov,165-275-6332,1931-07-29,Office Assistant I,true
130,Marco,Belamy,mbelamy3l@state.tx.us,193-143-9498,1950-01-27,Paralegal,true
131,Annetta,Parade,aparade3m@addtoany.com,969-409-6629,1965-11-17,Office Assistant I,true
132,Blisse,Broose,bbroose3n@earthlink.net,262-300-1497,1970-10-04,Director of Sales,false
133,Karyl,O' Meara,komeara3o@blinklist.com,235-686-2588,1948-12-05,Marketing Assistant,true
134,Jephthah,Wimpenny,jwimpenny3p@comsenz.com,882-910-0493,1936-09-27,VP Quality Control,true
135,Rocky,Mallya,rmallya3q@cbc.ca,929-790-5568,1975-11-06,Associate Professor,false
136,Alard,Broddle,abroddle3r@ucoz.com,946-392-1562,1983-10-26,Director of Sales,false
137,Hertha,Allitt,hallitt3s@instagram.com,839-258-6361,1994-02-15,Software Test Engineer II,true
138,Ciro,Stuckey,cstuckey3t@parallels.com,602-882-9425,1959-08-28,Software Test Engineer IV,true
139,Jessica,Huntar,jhuntar3u@tmall.com,203-425-3266,1977-03-09,Legal Assistant,true
140,Diane-marie,Landrick,dlandrick3v@boston.com,336-167-0522,1983-06-11,Occupational Therapist,true
141,Electra,Collinge,ecollinge3w@facebook.com,851-835-4402,1982-10-09,VP Marketing,false
142,Myles,Iskowitz,miskowitz3x@google.de,134-965-5931,1954-07-24,Assistant Manager,true
143,Timmy,Baggs,tbaggs3y@disqus.com,784-164-6894,1948-01-12,Clinical Specialist,false
144,Marthe,Berzons,mberzons3z@ihg.com,482-557-9317,1947-03-04,Community Outreach Specialist,false
145,Carmita,Gaynesford,cgaynesford40@ucoz.com,846-983-7546,1977-08-21,Speech Pathologist,true
146,Enriqueta,Truran,etruran41@bloomberg.com,673-754-8172,1998-12-03,Staff Scientist,true
147,Arlen,Agronski,aagronski42@sina.com.cn,318-489-0031,1994-06-08,Operator,false
148,Cully,Dametti,cdametti43@123-reg.co.uk,179-602-0022,1968-01-31,Budget/Accounting Analyst I,true
149,Audrey,Girke,agirke44@altervista.org,965-171-9449,1935-06-19,Product Engineer,false
150,Tiffi,Pigden,tpigden45@opera.com,107-320-6199,1979-07-07,Information Systems Manager,false
151,Carolin,Petrazzi,cpetrazzi46@edublogs.org,743-163-8929,2001-02-01,Recruiting Manager,false
152,Rae,Gove,rgove47@gmpg.org,106-774-1933,2010-03-22,Associate Professor,true
153,Obie,Bartoletti,obartoletti48@behance.net,596-796-1544,1976-08-16,Senior Cost Accountant,true
154,Bordie,Dobbs,bdobbs49@flickr.com,558-525-8284,2001-04-14,Structural Analysis Engineer,false
155,Celesta,Dibbs,cdibbs4a@sbwire.com,152-610-9260,1960-05-07,VP Marketing,false
156,Shirlene,Holtom,sholtom4b@thetimes.co.uk,857-423-7897,1976-05-01,Account Executive,false
157,Farica,Veschambes,fveschambes4c@shinystat.com,255-561-7482,1948-09-24,Registered Nurse,true
158,Florencia,Abrahart,fabrahart4d@flickr.com,642-684-8440,2003-10-24,Design Engineer,false
159,Caleb,Kentish,ckentish4e@about.com,652-901-8707,1939-03-09,Geological Engineer,true
160,Nert,Banke,nbanke4f@statcounter.com,161-925-9782,2000-12-06,Recruiting Manager,false
161,Emmalee,Simon,esimon4g@google.co.jp,938-710-2167,2001-01-22,Marketing Assistant,false
162,Thia,Surplice,tsurplice4h@springer.com,353-688-7195,2006-01-21,Chief Design Engineer,true
163,Spencer,Bligh,sbligh4i@etsy.com,100-713-6398,1933-06-05,Technical Writer,true
164,Antoine,Todd,atodd4j@weather.com,435-342-2025,1967-11-08,Office Assistant I,true
165,Ettore,Ransome,eransome4k@walmart.com,831-675-3262,1990-11-07,VP Product Management,true
166,Leyla,Naton,lnaton4l@gov.uk,829-317-9415,1950-10-30,VP Sales,false
167,Rickard,Minot,rminot4m@goo.gl,869-672-2709,2000-04-01,Associate Professor,true
168,Melinde,Trevaskis,mtrevaskis4n@bizjournals.com,422-711-5430,1958-07-01,Dental Hygienist,true
169,Marianne,Cortin,mcortin4o@macromedia.com,779-374-6839,1971-04-14,Recruiter,true
170,Alejandro,Hearsum,ahearsum4p@businessinsider.com,378-383-4897,1934-11-25,Chemical Engineer,true
171,Gratia,Swancott,gswancott4q@discuz.net,732-103-2470,1980-09-06,Analog Circuit Design manager,false
172,Gardie,Themann,gthemann4r@51.la,813-378-7867,1968-10-07,Senior Developer,true
173,Ulrick,Brann,ubrann4s@apple.com,365-361-7085,1978-03-20,Associate Professor,false
174,Mufinella,Rustan,mrustan4t@ucoz.com,503-315-1604,1989-11-11,Biostatistician IV,true
175,Weider,Coopey,wcoopey4u@github.com,258-295-3164,1955-08-10,Assistant Media Planner,true
176,Robby,Sorensen,rsorensen4v@123-reg.co.uk,431-645-6802,1945-05-29,Food Chemist,true
177,Roldan,Barck,rbarck4w@washingtonpost.com,726-852-6033,1993-06-12,Statistician I,true
178,Alonzo,Giovannilli,agiovannilli4x@alibaba.com,269-769-8989,2005-12-30,Senior Quality Engineer,false
179,Oran,Thaxter,othaxter4y@mashable.com,506-399-5630,1950-02-25,Internal Auditor,true
180,Briny,Gildersleeve,bgildersleeve4z@livejournal.com,366-396-9358,1937-01-22,Environmental Specialist,false
181,Cybil,Perryman,cperryman50@bigcartel.com,817-262-6241,2005-05-08,Librarian,false
182,Allianora,Kinnar,akinnar51@ftc.gov,649-473-7632,1991-01-04,Assistant Professor,true
183,Cherye,Groombridge,cgroombridge52@shareasale.com,329-537-3422,2001-07-04,Senior Quality Engineer,false
184,Grazia,Surgey,gsurgey53@amazon.co.jp,178-159-6125,1951-12-07,Research Associate,false
185,Sibilla,Horlick,shorlick54@etsy.com,455-829-1020,1939-09-26,Sales Associate,false
186,Dannie,Guillem,dguillem55@unblog.fr,713-595-5490,1995-02-01,Nurse Practicioner,true
187,Brody,Widdup,bwiddup56@answers.com,276-222-4216,1998-09-12,Speech Pathologist,false
188,Gabriellia,Greg,ggreg57@angelfire.com,536-849-8694,1959-07-10,Speech Pathologist,true
189,Garnet,Stores,gstores58@usda.gov,681-281-2858,1971-04-28,Payment Adjustment Coordinator,true
190,Arabelle,Pieters,apieters59@ihg.com,579-638-4692,2003-05-31,Actuary,true
191,Katrine,Killigrew,kkilligrew5a@dedecms.com,957-725-3399,1967-05-19,Senior Sales Associate,false
192,Janek,Naulls,jnaulls5b@aol.com,255-615-9780,1989-10-20,Tax Accountant,true
193,Orazio,Chinge,ochinge5c@tamu.edu,366-885-5007,1950-05-22,Assistant Manager,false
194,Lexi,Bison,lbison5d@google.com.br,571-829-7047,1958-08-18,Research Assistant I,false
195,Mauricio,Bernhardt,mbernhardt5e@mail.ru,745-181-1321,2002-11-24,Staff Scientist,false
196,Marnie,Kiss,mkiss5f@illinois.edu,476-239-0932,1957-04-16,Staff Scientist,false
197,Austine,Privett,aprivett5g@ft.com,538-308-3092,1989-01-25,Senior Quality Engineer,false
198,Reinhold,Pasquale,rpasquale5h@nps.gov,490-459-6602,1984-02-19,Account Coordinator,false
199,Adoree,Meneghelli,ameneghelli5i@paginegialle.it,234-544-1507,1971-05-12,Social Worker,false
200,Dion,Kincade,dkincade5j@webnode.com,149-237-0186,1979-03-08,Payment Adjustment Coordinator,true
201,Ricki,Cornillot,rcornillot5k@wordpress.com,700-840-7604,1993-04-15,Dental Hygienist,true
202,Mindy,Pedler,mpedler5l@house.gov,297-503-0191,2002-06-30,Librarian,false
203,Ezra,Dadds,edadds5m@comsenz.com,115-951-4582,1965-07-11,Staff Scientist,false
204,Fianna,Trulock,ftrulock5n@ibm.com,480-263-5290,1992-05-22,Senior Cost Accountant,false
205,Alexandro,Goldby,agoldby5o@cdc.gov,966-438-8465,2003-08-06,Internal Auditor,true
206,Janith,Surmeyer,jsurmeyer5p@omniture.com,563-706-2042,1953-09-08,Occupational Therapist,true
207,Ashlie,D'Costa,adcosta5q@geocities.jp,644-314-1291,1992-09-24,Electrical Engineer,false
208,Sheela,Syrad,ssyrad5r@fema.gov,977-509-5141,1987-07-07,Civil Engineer,false
209,Carola,Mac,cmac5s@wisc.edu,497-433-1052,1955-11-30,Senior Sales Associate,false
210,Barry,Worlidge,bworlidge5t@businessinsider.com,894-408-1877,2003-02-13,GIS Technical Architect,true
211,Debi,Banbrigge,dbanbrigge5u@ibm.com,208-444-5182,2002-06-07,Associate Professor,true
212,Oralie,Nottram,onottram5v@cnn.com,348-611-5524,1986-03-26,Media Manager II,false
213,Dee,Pessel,dpessel5w@china.com.cn,550-118-9961,1979-08-23,Nurse,false
214,Elset,Ebbins,eebbins5x@google.de,659-469-3167,1985-07-01,Community Outreach Specialist,false
215,Kelli,Pizzie,kpizzie5y@tripod.com,178-826-9622,1971-03-18,Help Desk Technician,false
216,Rollin,Edgehill,redgehill5z@yahoo.com,517-903-9968,1948-02-19,Pharmacist,false
217,Bryn,Ryrie,bryrie60@google.co.jp,565-188-2177,1936-11-27,Legal Assistant,false
218,Gilles,Winders,gwinders61@github.com,842-162-8804,1931-06-11,Payment Adjustment Coordinator,false
219,Kirby,Deboick,kdeboick62@bravesites.com,214-657-4754,1992-08-05,Research Nurse,false
220,Trevor,Gaukroger,tgaukroger63@buzzfeed.com,259-230-2165,1932-03-02,Pharmacist,false
221,Doretta,Yakobovicz,dyakobovicz64@fda.gov,137-676-9598,1979-05-31,Nurse Practicioner,true
222,Kari,Garth,kgarth65@un.org,284-513-7502,1949-05-07,Recruiting Manager,true
223,Herta,Henderson,hhenderson66@nytimes.com,314-998-1386,2007-02-11,Design Engineer,false
224,Renate,Meneghelli,rmeneghelli67@constantcontact.com,710-173-8071,1972-12-09,Engineer II,false
225,Elizabet,Keaveney,ekeaveney68@geocities.jp,806-533-4916,1945-09-03,VP Sales,true
226,Loni,Frentz,lfrentz69@tiny.cc,250-346-2685,1954-09-30,Registered Nurse,true
227,Korry,Eldred,keldred6a@lycos.com,615-791-2920,1940-02-02,Dental Hygienist,false
228,Gayle,Stapford,gstapford6b@google.ca,173-140-0172,2003-01-17,Junior Executive,false
229,Reeva,Illiston,rilliston6c@upenn.edu,642-473-7890,1948-05-15,Account Representative IV,false
230,Sebastian,Brookfield,sbrookfield6d@barnesandnoble.com,762-192-7875,1990-12-22,Clinical Specialist,true
231,Mar,Hansod,mhansod6e@bbc.co.uk,859-683-2094,1935-01-14,Civil Engineer,false
232,Valentina,Hannigan,vhannigan6f@sourceforge.net,296-634-1488,1960-08-11,Research Nurse,true
233,Giorgia,Gibbings,ggibbings6g@printfriendly.com,739-879-5541,1989-03-07,Marketing Assistant,false
234,Elia,Oseman,eoseman6h@redcross.org,118-284-2706,1930-01-24,Technical Writer,false
235,Bonnie,Pea,bpea6i@whitehouse.gov,283-237-0101,1961-05-03,Speech Pathologist,true
236,Lilith,Dosdill,ldosdill6j@ft.com,886-185-3788,1972-01-04,Sales Associate,false
237,Abigael,Noone,anoone6k@mac.com,620-368-7345,2006-02-19,Analog Circuit Design manager,true
238,Erie,Union,eunion6l@php.net,491-938-7906,1981-01-08,Engineer III,true
239,Normie,Fallens,nfallens6m@intel.com,191-646-2696,1946-05-24,Information Systems Manager,false
240,Reade,Hazeley,rhazeley6n@dell.com,921-395-7129,1995-08-04,Chemical Engineer,false
241,Abby,Grassett,agrassett6o@mashable.com,999-694-3860,1957-01-30,Senior Editor,false
242,Shanna,Valencia,svalencia6p@jigsy.com,164-631-2032,1997-02-01,Geological Engineer,false
243,Donny,De Luna,ddeluna6q@dedecms.com,145-695-9173,1993-07-30,Help Desk Operator,false
244,Zorana,Mellows,zmellows6r@unesco.org,664-122-7313,1959-11-11,Sales Associate,true
245,Brent,Klisch,bklisch6s@blogs.com,608-448-3023,1997-07-17,VP Quality Control,false
246,Graeme,Findley,gfindley6t@usa.gov,737-966-3980,1941-05-08,Developer II,true
247,Austen,Mullins,amullins6u@ezinearticles.com,602-600-0394,1965-01-19,Systems Administrator I,false
248,Gail,Dory,gdory6v@constantcontact.com,947-566-9337,1989-03-09,Desktop Support Technician,false
249,Simone,Adamthwaite,sadamthwaite6w@twitpic.com,317-249-4917,1963-11-23,Data Coordiator,false
250,Michell,Spanton,mspanton6x@ask.com,897-204-9508,1959-08-20,Senior Sales Associate,true
251,Trueman,Timperley,ttimperley6y@japanpost.jp,813-553-9144,2007-03-15,Computer Systems Analyst II,true
252,Erhard,Rallings,erallings6z@technorati.com,830-739-3004,1959-07-31,GIS Technical Architect,true
253,Yolane,Rew,yrew70@qq.com,287-532-5057,1949-02-01,Systems Administrator II,true
254,Dav,Claringbold,dclaringbold71@icio.us,825-518-0498,1973-06-06,Human Resources Manager,false
255,Elsworth,Fenney,efenney72@msn.com,242-294-2865,1954-02-21,Nurse Practicioner,false
256,Karlene,Barukh,kbarukh73@github.com,467-722-2591,2006-07-09,Account Representative IV,true
257,Andros,Elcome,aelcome74@imdb.com,562-446-5853,1970-10-17,Computer Systems Analyst III,false
258,Wain,Hamshaw,whamshaw75@un.org,943-165-1586,1937-10-22,Professor,false
259,Ezechiel,Marchello,emarchello76@ehow.com,147-929-5534,1963-11-26,Staff Scientist,true
260,Ban,Henryson,bhenryson77@tuttocitta.it,439-210-5704,1959-10-03,Project Manager,true
261,Ewart,Eickhoff,eeickhoff78@hp.com,856-837-2030,1972-10-10,GIS Technical Architect,false
262,Dyann,Sidon,dsidon79@patch.com,562-687-1526,1962-06-02,Teacher,true
263,Ange,Stede,astede7a@symantec.com,129-226-1162,1950-03-02,Staff Scientist,false
264,Clint,Bentall,cbentall7b@cdbaby.com,564-890-7839,2007-12-23,Senior Developer,false
265,Karolina,Filippozzi,kfilippozzi7c@a8.net,239-949-8047,1981-01-02,Senior Editor,false
266,Fredric,Frantz,ffrantz7d@newsvine.com,426-954-0836,1951-11-20,Pharmacist,false
267,Ryley,Busfield,rbusfield7e@marketwatch.com,188-420-1600,2009-12-28,Paralegal,false
268,Dinny,Votier,dvotier7f@yellowpages.com,512-143-3004,1980-12-14,Programmer Analyst I,true
269,Dall,MacDuffie,dmacduffie7g@dagondesign.com,530-906-9231,1936-04-07,VP Product Management,false
270,Lexie,Rawlings,lrawlings7h@tiny.cc,276-777-1067,1980-04-19,Geological Engineer,true
271,Rickie,Wilman,rwilman7i@reddit.com,518-165-6212,1981-10-18,Software Engineer I,true
272,Ursuline,Millions,umillions7j@pinterest.com,325-953-3840,1944-08-17,Programmer Analyst II,false
273,Rossy,Khomich,rkhomich7k@hostgator.com,964-182-0226,1934-03-10,Actuary,true
274,Jillana,Mayer,jmayer7l@tinypic.com,156-251-2307,1949-05-03,Quality Control Specialist,false
275,Barret,MacMeeking,bmacmeeking7m@skyrock.com,245-700-5387,1988-09-11,Associate Professor,false
276,Babb,Challis,bchallis7n@geocities.jp,546-730-6526,1953-04-23,Engineer III,false
277,Moss,Stanyard,mstanyard7o@mediafire.com,623-163-3691,2002-11-16,Business Systems Development Analyst,true
278,Natasha,Lorie,nlorie7p@github.io,559-396-7534,1943-09-02,Financial Analyst,true
279,Ophelie,Roggieri,oroggieri7q@slideshare.net,266-544-2112,1935-02-05,Sales Associate,false
280,Alfy,Murrigan,amurrigan7r@ted.com,997-252-5278,1973-03-08,Project Manager,true
281,Alma,Ollcott,aollcott7s@earthlink.net,941-370-0763,1941-08-24,Analog Circuit Design manager,true
282,Esta,Strelitz,estrelitz7t@freewebs.com,905-371-8176,1976-09-16,Quality Control Specialist,true
283,Jo,Milhench,jmilhench7u@wunderground.com,123-846-5790,1982-08-19,Financial Advisor,false
284,Freddi,Vasilechko,fvasilechko7v@infoseek.co.jp,743-258-6196,1966-09-30,Mechanical Systems Engineer,true
285,Brinna,Pottinger,bpottinger7w@gmpg.org,302-527-8047,1986-03-03,VP Accounting,false
286,Cordelie,Karlqvist,ckarlqvist7x@ow.ly,248-826-8363,1958-09-15,Human Resources Manager,false
287,Cy,Spargo,cspargo7y@cafepress.com,682-167-3049,1980-01-14,Human Resources Manager,false
288,Rasla,Kmietsch,rkmietsch7z@bbb.org,820-186-0870,1970-08-04,Information Systems Manager,false
289,Sam,Absolem,sabsolem80@dot.gov,982-586-9834,1988-12-01,Geologist II,true
290,Shantee,Edess,sedess81@army.mil,202-890-1767,1978-07-28,Information Systems Manager,false
291,Miof mela,Juszczyk,mjuszczyk82@buzzfeed.com,223-961-1843,1950-05-09,Account Executive,false
292,Eleonore,Eallis,eeallis83@globo.com,676-835-2273,1984-03-29,Junior Executive,false
293,Johnna,Heffron,jheffron84@acquirethisname.com,158-102-9346,1937-05-03,Systems Administrator IV,false
294,Mohandis,Gobert,mgobert85@yahoo.com,238-418-8740,1947-07-04,Biostatistician IV,false
295,Mariya,Huffer,mhuffer86@histats.com,237-703-7550,1992-02-04,Chief Design Engineer,false
296,Muffin,Gabriel,mgabriel87@mit.edu,644-989-0223,1975-12-31,Internal Auditor,false
297,Eolanda,Gillbard,egillbard88@time.com,665-221-0724,1970-09-22,Business Systems Development Analyst,true
298,Isadore,Bottomley,ibottomley89@simplemachines.org,148-647-3270,2005-04-13,Librarian,true
299,Monika,Woodrough,mwoodrough8a@state.tx.us,381-941-8082,1969-03-19,Internal Auditor,true
300,Way,Radloff,wradloff8b@dedecms.com,339-126-9836,1935-01-13,Chemical Engineer,false
301,Renae,Mawman,rmawman8c@about.me,695-818-4544,1958-03-28,Help Desk Operator,true
302,Reeba,Giacopello,rgiacopello8d@cnet.com,387-183-8162,1987-03-14,Project Manager,false
303,Gerry,Woollacott,gwoollacott8e@usa.gov,502-333-6760,1961-05-29,Quality Engineer,false
304,Ronda,Teas,rteas8f@mayoclinic.com,831-397-9640,1960-05-16,Sales Associate,false
305,Kalvin,Van Haeften,kvanhaeften8g@prnewswire.com,326-985-4881,1972-08-08,Nurse,false
306,Alaster,Heaker,aheaker8h@go.com,871-529-4028,1946-07-27,Civil Engineer,false
307,Frances,Mannooch,fmannooch8i@diigo.com,744-170-8932,1971-03-25,Nuclear Power Engineer,false
308,Maris,Iacobacci,miacobacci8j@github.com,260-716-6847,1985-09-11,Account Coordinator,true
309,Lissie,Philipot,lphilipot8k@purevolume.com,920-855-0865,1956-09-09,Web Designer III,true
310,Kennedy,Sangster,ksangster8l@mlb.com,450-174-4869,1968-04-04,Geologist IV,true
311,Harley,Kringe,hkringe8m@dailymotion.com,913-254-8695,1990-09-17,Chief Design Engineer,true
312,Carleton,Tilbrook,ctilbrook8n@dmoz.org,898-739-8543,1951-10-21,Computer Systems Analyst II,false
313,Ingmar,Maulden,imaulden8o@globo.com,597-730-7032,1993-11-01,Data Coordiator,false
314,Mathian,Slatten,mslatten8p@yelp.com,121-257-4816,2010-03-23,Product Engineer,true
315,Powell,Mitten,pmitten8q@parallels.com,972-410-9391,1988-06-16,Technical Writer,false
316,Camellia,Bilbey,cbilbey8r@sun.com,719-825-1028,1985-03-03,Junior Executive,false
317,Kirsten,Poundford,kpoundford8s@youtu.be,210-731-4131,1955-11-13,VP Sales,false
318,Woodie,McNirlan,wmcnirlan8t@irs.gov,151-125-5531,2004-05-29,Assistant Professor,false
319,Shamus,Bonanno,sbonanno8u@blogger.com,939-149-4660,1956-06-13,Programmer Analyst IV,true
320,Crosby,Butner,cbutner8v@cbc.ca,687-354-8128,1931-11-20,Assistant Professor,true
321,Geoffrey,Roisen,groisen8w@google.ru,330-182-1566,1957-04-13,Database Administrator II,true
322,Maye,Reame,mreame8x@dion.ne.jp,402-141-1964,1991-01-14,GIS Technical Architect,true
323,Vivianne,Bertl,vbertl8y@flickr.com,402-170-1103,2002-05-18,Developer IV,true
324,Kali,Casperri,kcasperri8z@illinois.edu,768-936-0218,1984-07-27,Account Representative I,true
325,Barrie,Shaul,bshaul90@google.co.jp,188-818-4425,1939-08-15,Senior Quality Engineer,true
326,Marlow,Wapple,mwapple91@java.com,799-945-9250,2003-10-19,Senior Quality Engineer,false
327,Aeriel,Longstreeth,alongstreeth92@msu.edu,571-598-4609,2003-12-14,Tax Accountant,true
328,Deonne,Leat,dleat93@gnu.org,236-984-8944,1941-11-11,Senior Sales Associate,false
329,Dalis,O'Suaird,dosuaird94@tumblr.com,565-153-6231,1949-08-02,Registered Nurse,true
330,Dre,Guyonneau,dguyonneau95@gmpg.org,535-151-4848,1961-11-01,Sales Associate,false
331,Roger,Berrane,rberrane96@shinystat.com,901-350-8276,1998-03-02,Cost Accountant,true
332,Sammy,Starbucke,sstarbucke97@ask.com,534-532-8542,2000-01-02,Operator,false
333,Rance,Hyam,rhyam98@umn.edu,114-785-9160,1933-07-07,VP Quality Control,true
334,Emmit,Portt,eportt99@umn.edu,835-646-8727,1954-01-31,Pharmacist,false
335,Bernadina,Quaintance,bquaintance9a@cdc.gov,217-243-8039,1997-08-20,Physical Therapy Assistant,true
336,Noella,Jose,njose9b@time.com,495-438-2691,1997-04-29,Media Manager IV,false
337,Benji,Curnokk,bcurnokk9c@lulu.com,639-799-2278,2008-08-01,VP Sales,true
338,Myranda,Matus,mmatus9d@blogspot.com,763-806-2164,2006-08-28,Environmental Tech,true
339,Marta,Laise,mlaise9e@homestead.com,430-691-5825,1940-03-09,Financial Advisor,true
340,Yettie,Buckberry,ybuckberry9f@trellian.com,983-774-5986,1990-08-18,Software Engineer I,true
341,Cazzie,Hudspeth,chudspeth9g@europa.eu,357-251-9757,1941-03-21,Recruiter,false
342,Marlon,Plaunch,mplaunch9h@bravesites.com,408-588-0454,2008-06-15,VP Accounting,true
343,Bradly,Diess,bdiess9i@theatlantic.com,851-227-8330,1989-04-28,Help Desk Operator,false
344,Evin,Dyte,edyte9j@skype.com,771-146-7935,2007-04-08,VP Marketing,true
345,Janifer,Danelutti,jdanelutti9k@nymag.com,874-983-6217,1988-09-29,Nurse Practicioner,true
346,Karel,Cubley,kcubley9l@icio.us,174-265-4108,1932-04-26,Information Systems Manager,false
347,Cris,Dilworth,cdilworth9m@howstuffworks.com,964-391-5465,1957-01-19,Cost Accountant,true
348,Rockwell,Goodband,rgoodband9n@multiply.com,399-911-4656,1942-07-24,Engineer IV,true
349,Alejandrina,Haresnaip,aharesnaip9o@shinystat.com,917-623-8050,1949-01-16,Software Engineer IV,false
350,Adler,Borley,aborley9p@europa.eu,138-740-7110,1986-09-29,Clinical Specialist,true
351,Lorain,Kerwin,lkerwin9q@gravatar.com,384-543-5761,1970-12-08,Tax Accountant,true
352,Thorn,Gridon,tgridon9r@wunderground.com,741-894-5852,2004-04-23,Chemical Engineer,false
353,Ardelia,Worden,aworden9s@netlog.com,434-275-1061,2004-12-06,Senior Financial Analyst,true
354,Marline,Tansley,mtansley9t@blogger.com,521-663-2053,1967-05-08,Research Associate,true
355,Chris,Stanlike,cstanlike9u@comsenz.com,174-348-2454,2001-10-27,Physical Therapy Assistant,false
356,Sander,Sebright,ssebright9v@multiply.com,695-465-1883,1935-09-05,VP Marketing,false
357,Thaine,Theodore,ttheodore9w@odnoklassniki.ru,740-261-7383,1987-04-13,Safety Technician II,true
358,Dominica,Geane,dgeane9x@technorati.com,748-888-2605,1997-10-21,Director of Sales,true
359,Karlee,Ville,kville9y@nbcnews.com,772-790-3347,1974-09-06,Sales Representative,false
360,Pippy,Bambridge,pbambridge9z@delicious.com,903-984-0677,1988-12-20,Research Assistant III,false
361,Lauraine,Brymner,lbrymnera0@plala.or.jp,394-614-0392,1997-06-21,Recruiter,false
362,Rosita,Simanek,rsimaneka1@unc.edu,719-689-7291,1962-12-27,General Manager,true
363,Rozamond,Comelli,rcomellia2@sciencedirect.com,802-521-3566,1990-01-04,Information Systems Manager,true
364,Mateo,Cuerdale,mcuerdalea3@desdev.cn,696-803-8074,1971-10-01,Research Associate,true
365,Alfreda,McBryde,amcbrydea4@unicef.org,169-304-6197,1944-06-06,GIS Technical Architect,true
366,Gael,Fallawe,gfallawea5@ft.com,905-412-2227,1937-04-06,Professor,true
367,Creight,Charopen,ccharopena6@symantec.com,553-764-4997,1985-09-05,Design Engineer,true
368,Winn,Bridle,wbridlea7@hexun.com,512-416-8164,1963-02-13,Recruiter,true
369,Shannon,Woodage,swoodagea8@hp.com,205-237-3359,1987-07-09,Director of Sales,true
370,Nealson,Rofe,nrofea9@cam.ac.uk,150-898-8066,1950-06-20,Office Assistant II,true
371,Giuditta,Usherwood,gusherwoodaa@imdb.com,673-343-6597,1973-04-05,Programmer Analyst II,true
372,Abbye,Boodle,aboodleab@icio.us,619-880-7600,2004-01-08,Professor,false
373,Daven,Maccrae,dmaccraeac@oaic.gov.au,398-616-0737,1997-04-03,Analyst Programmer,true
374,Paige,Bremeyer,pbremeyerad@exblog.jp,675-505-5792,1978-12-02,Environmental Specialist,true
375,Giacinta,Holdforth,gholdforthae@woothemes.com,398-196-5696,1940-08-26,Senior Quality Engineer,true
376,Henryetta,Eliasson,heliassonaf@reuters.com,412-210-2884,1933-04-20,Associate Professor,true
377,Tamar,Wandrich,twandrichag@google.ru,425-398-6528,1982-05-07,Geologist III,false
378,Carolin,Houtby,choutbyah@a8.net,570-775-4231,1970-05-07,Junior Executive,false
379,Kinsley,Hickeringill,khickeringillai@clickbank.net,343-817-0754,1957-08-24,Business Systems Development Analyst,false
380,Codie,Vasser,cvasseraj@lycos.com,281-364-6328,1941-09-12,Budget/Accounting Analyst III,false
381,Danila,Schouthede,dschouthedeak@taobao.com,969-530-6602,1976-04-19,Paralegal,false
382,Addy,Snedker,asnedkeral@alibaba.com,747-824-8904,1996-05-17,Computer Systems Analyst III,true
383,Joelynn,Nolte,jnolteam@so-net.ne.jp,657-468-8607,2001-11-30,Software Test Engineer II,true
384,Jessie,Pedro,jpedroan@geocities.jp,976-987-3071,1950-03-18,Engineer I,true
385,Garald,Hexham,ghexhamao@bluehost.com,460-775-8841,1942-11-22,Assistant Media Planner,false
386,Amalie,Weldrake,aweldrakeap@wikispaces.com,979-838-2409,1946-08-23,Civil Engineer,false
387,Duff,Romao,dromaoaq@odnoklassniki.ru,185-172-6086,1960-01-19,VP Marketing,false
388,Calv,Fox,cfoxar@blogspot.com,809-593-5303,1956-12-31,Geologist I,true
389,Nicky,O'Dyvoie,nodyvoieas@psu.edu,819-827-9273,1933-01-03,Actuary,true
390,Casper,Fellona,cfellonaat@ehow.com,159-947-3980,1937-10-21,Financial Advisor,false
391,Merrilee,Gircke,mgirckeau@diigo.com,864-364-3655,1931-06-22,Engineer III,true
392,Carce,Kasting,ckastingav@wikimedia.org,623-701-7403,1961-03-13,Recruiter,true
393,Mattie,Waldram,mwaldramaw@pagesperso-orange.fr,368-515-3628,2005-07-18,Nurse,true
394,Ginger,Sharvell,gsharvellax@example.com,462-645-1239,1973-06-17,Human Resources Manager,true
395,Mollie,Edes,medesay@omniture.com,835-626-6600,1976-04-14,Help Desk Technician,false
396,Tomas,Memmory,tmemmoryaz@pcworld.com,510-838-7115,2009-09-24,Senior Developer,true
397,Brita,Keppy,bkeppyb0@google.co.uk,627-269-2705,1952-07-23,Environmental Tech,true
398,Jesse,Lawman,jlawmanb1@multiply.com,572-202-2259,1987-08-28,Quality Control Specialist,true
399,Flynn,Siaskowski,fsiaskowskib2@google.co.jp,904-765-4232,1988-08-15,Staff Scientist,false
400,Mathilde,Von Brook,mvonbrookb3@shinystat.com,224-348-2316,1938-10-11,Administrative Officer,true
401,Petr,Cuvley,pcuvleyb4@blogtalkradio.com,464-685-3520,1977-11-17,Chief Design Engineer,false
402,Cosette,Stairs,cstairsb5@google.ca,226-847-1655,1983-11-06,Physical Therapy Assistant,false
403,Artus,Rochelle,arochelleb6@bloglovin.com,739-571-4071,1997-09-11,Assistant Manager,false
404,Willyt,Rapin,wrapinb7@deliciousdays.com,181-633-7649,1958-03-04,Librarian,false
405,Den,Norvel,dnorvelb8@chron.com,448-875-1012,1987-12-04,VP Sales,true
406,Suki,Ryott,sryottb9@intel.com,976-554-1209,1976-03-31,VP Accounting,true
407,Rene,Channon,rchannonba@buzzfeed.com,420-196-1302,1995-05-16,Community Outreach Specialist,false
408,Sly,Norval,snorvalbb@gmpg.org,954-624-0703,1954-11-03,Teacher,true
409,Fleurette,Cloute,fcloutebc@nhs.uk,550-352-1395,1984-12-06,Biostatistician I,false
410,Nikkie,Linster,nlinsterbd@oaic.gov.au,699-547-1459,1976-06-25,Developer II,true
411,Andromache,Iori,aioribe@example.com,800-432-0923,1981-02-17,Software Consultant,false
412,Ruprecht,Staite,rstaitebf@msu.edu,265-409-1658,1930-07-31,Project Manager,true
413,Sigismundo,Eckly,secklybg@unblog.fr,840-156-4332,1938-11-12,Chemical Engineer,false
414,Mari,Brede,mbredebh@barnesandnoble.com,426-993-6130,1969-06-13,VP Marketing,true
415,Jarred,Baitman,jbaitmanbi@joomla.org,877-298-5292,1979-10-24,Database Administrator IV,true
416,Jennica,Petyanin,jpetyaninbj@networkadvertising.org,417-812-8810,1957-06-27,Research Associate,true
417,Cherey,Colleran,ccolleranbk@shinystat.com,989-823-5051,2007-02-27,Analog Circuit Design manager,false
418,Base,McCloid,bmccloidbl@google.it,462-750-3814,1957-05-17,Accounting Assistant III,false
419,Novelia,Syce,nsycebm@gnu.org,929-853-4172,1934-06-27,Senior Cost Accountant,true
420,Stirling,Jizhaki,sjizhakibn@businessinsider.com,594-740-0607,1991-08-18,Account Representative III,true
421,Annie,Mercy,amercybo@icq.com,375-751-1666,1992-10-05,VP Quality Control,false
422,Jaimie,Wightman,jwightmanbp@soundcloud.com,205-926-8719,1981-11-06,Software Test Engineer III,true
423,Neysa,Arter,narterbq@bing.com,235-192-9881,1932-03-04,Operator,true
424,Lefty,McHale,lmchalebr@globo.com,160-308-8866,1999-03-21,Cost Accountant,true
425,Wilfrid,Saffill,wsaffillbs@arizona.edu,539-375-9538,1935-04-03,Chief Design Engineer,false
426,Rickard,Olander,rolanderbt@blog.com,545-880-0078,1950-11-28,Associate Professor,true
427,Gene,Durrad,gdurradbu@comsenz.com,696-449-4058,2000-12-09,Help Desk Technician,true
428,Willi,Bomfield,wbomfieldbv@last.fm,991-992-7500,1965-09-27,Structural Analysis Engineer,false
429,Collin,Bensusan,cbensusanbw@wordpress.org,382-202-9668,1957-11-06,Senior Developer,true
430,Kennett,Oddie,koddiebx@si.edu,871-413-0148,1945-08-19,Software Test Engineer I,false
431,Gennie,Scotson,gscotsonby@themeforest.net,113-549-8864,1986-06-09,Dental Hygienist,false
432,Aubrey,Whitland,awhitlandbz@time.com,247-429-0897,1990-03-28,Biostatistician II,true
433,Kettie,Humbert,khumbertc0@toplist.cz,404-510-8580,2007-04-28,Mechanical Systems Engineer,true
434,Peterus,Jizhaki,pjizhakic1@census.gov,883-515-4149,1996-12-11,Recruiting Manager,false
435,Jdavie,Collister,jcollisterc2@cpanel.net,783-346-6843,1965-08-10,Help Desk Technician,false
436,Marita,Klamp,mklampc3@pcworld.com,649-899-1809,1940-01-01,Health Coach IV,false
437,Jobi,Vallance,jvallancec4@cnn.com,515-166-5480,1965-09-24,Staff Scientist,true
438,Tine,Biddell,tbiddellc5@sciencedirect.com,783-982-8761,1966-05-20,Technical Writer,true
439,Toddie,Palle,tpallec6@discuz.net,610-670-5639,1934-10-30,Senior Sales Associate,false
440,Lacie,Mitcham,lmitchamc7@github.com,866-544-7713,1989-12-19,Administrative Assistant III,true
441,Irvine,Crain,icrainc8@prnewswire.com,173-957-9017,1968-06-01,Research Associate,false
442,Der,Ondrak,dondrakc9@bloomberg.com,910-453-8265,1950-06-29,Physical Therapy Assistant,false
443,Melicent,Duckhouse,mduckhouseca@msn.com,807-266-5569,1976-11-25,Structural Engineer,false
444,Ingmar,D'Costa,idcostacb@msn.com,182-843-0250,2006-01-25,Nuclear Power Engineer,true
445,Sunny,Stothert,sstothertcc@discovery.com,616-680-7261,1990-05-24,Product Engineer,true
446,Raphaela,Normabell,rnormabellcd@sourceforge.net,690-953-7325,1958-02-03,Senior Developer,true
447,Quintin,Vettore,qvettorece@ning.com,145-427-5599,1995-12-18,Technical Writer,true
448,Carlos,Keningley,ckeningleycf@microsoft.com,400-182-5572,1987-07-28,Cost Accountant,false
449,Lonny,Leefe,lleefecg@rediff.com,828-460-7521,1990-06-23,Software Test Engineer II,true
450,Kendrick,Standring,kstandringch@devhub.com,961-838-4035,1963-02-08,Information Systems Manager,false
451,Norbie,Chamney,nchamneyci@privacy.gov.au,685-973-9030,1988-10-02,Compensation Analyst,false
452,Juliane,Goodoune,jgoodounecj@redcross.org,469-275-2470,2010-06-24,Budget/Accounting Analyst I,false
453,Neville,Westmarland,nwestmarlandck@naver.com,527-778-6159,1946-09-18,Analyst Programmer,true
454,Dorothee,Lewerenz,dlewerenzcl@etsy.com,251-407-9698,1993-10-24,Structural Engineer,false
455,Dido,Coppledike,dcoppledikecm@soup.io,212-440-4152,1996-09-18,Professor,false
456,Andra,de Banke,adebankecn@cnbc.com,576-381-9298,1952-02-07,Director of Sales,true
457,Townsend,Levay,tlevayco@webs.com,947-288-3526,1954-11-22,VP Quality Control,true
458,Timothee,Children,tchildrencp@barnesandnoble.com,968-654-5890,1930-08-21,Help Desk Technician,true
459,Juanita,Slisby,jslisbycq@nbcnews.com,953-822-2680,2008-04-24,Compensation Analyst,false
460,Kessia,Isworth,kisworthcr@gnu.org,651-557-9170,1945-06-28,Assistant Manager,true
461,Clerc,Dormer,cdormercs@mit.edu,359-385-5884,2002-06-26,Community Outreach Specialist,true
462,Isobel,Micklewright,imicklewrightct@cbslocal.com,475-273-1648,1980-05-27,Marketing Assistant,true
463,Frannie,Works,fworkscu@nytimes.com,681-998-2445,1950-08-22,Legal Assistant,false
464,Noreen,Duddle,nduddlecv@elpais.com,482-634-6544,1990-06-28,Project Manager,false
465,Kristan,Heazel,kheazelcw@berkeley.edu,858-665-4733,1958-05-17,VP Product Management,true
466,Basile,Kohring,bkohringcx@domainmarket.com,798-515-5437,1942-03-04,Structural Engineer,true
467,Bealle,Peegrem,bpeegremcy@last.fm,841-992-3581,1940-06-25,Actuary,false
468,Amalie,Jakubovski,ajakubovskicz@imgur.com,474-951-6753,1944-12-08,Paralegal,false
469,Manuel,Cliburn,mcliburnd0@usgs.gov,461-300-9990,2005-11-25,Assistant Professor,true
470,Melissa,Stebbins,mstebbinsd1@1und1.de,585-351-0580,1984-08-24,Quality Engineer,true
471,Prue,Bumpus,pbumpusd2@usatoday.com,967-907-2694,1948-03-17,Account Executive,false
472,Justis,Wasbey,jwasbeyd3@uol.com.br,128-574-1485,1968-03-01,Help Desk Technician,false
473,Meredithe,Hallowes,mhallowesd4@google.com.br,114-309-2473,1991-10-31,Actuary,true
474,Eydie,Beeston,ebeestond5@theguardian.com,520-725-0060,1973-04-24,Software Engineer III,true
475,Ludwig,Coldwell,lcoldwelld6@homestead.com,347-635-3696,1986-12-17,Operator,true
476,Marla,McColley,mmccolleyd7@microsoft.com,351-620-7403,1989-06-17,Food Chemist,true
477,Merilee,Nowland,mnowlandd8@vimeo.com,417-586-4307,1960-04-01,Senior Financial Analyst,true
478,Clayborne,Peasgood,cpeasgoodd9@fotki.com,728-684-2244,1944-12-06,Clinical Specialist,true
479,Linnell,Hansie,lhansieda@dell.com,209-923-4004,1965-10-03,Product Engineer,true
480,Emyle,Parsall,eparsalldb@zimbio.com,614-541-7143,1984-02-24,Professor,true
481,Griselda,Waterworth,gwaterworthdc@pagesperso-orange.fr,433-990-1886,1975-12-06,Web Developer II,true
482,Jolene,Wasteney,jwasteneydd@unblog.fr,575-861-8139,1982-05-15,Pharmacist,false
483,Lawton,Dunan,ldunande@naver.com,476-407-7460,1943-04-03,Recruiting Manager,false
484,Jaclin,Morais,jmoraisdf@vk.com,863-186-9130,1941-08-20,Senior Editor,true
485,Jeannette,Ewbanke,jewbankedg@netvibes.com,506-757-2179,1939-10-09,Product Engineer,false
486,Roselin,Bycraft,rbycraftdh@adobe.com,794-944-1086,1976-06-08,Administrative Officer,false
487,Sherwin,Turmall,sturmalldi@irs.gov,559-362-1248,2004-02-19,Financial Advisor,true
488,Nadine,Feldon,nfeldondj@shop-pro.jp,940-201-8960,1982-08-04,Administrative Officer,true
489,Sadie,Drummer,sdrummerdk@go.com,214-581-6624,1954-01-03,Statistician I,false
490,Culver,Baldacco,cbaldaccodl@wordpress.com,710-681-1892,1964-01-17,Marketing Manager,false
491,Addi,McReath,amcreathdm@nasa.gov,482-582-7365,1986-07-08,Executive Secretary,false
492,Granny,Dy,gdydn@acquirethisname.com,464-172-5208,1999-07-03,Developer III,false
493,Sande,Hackin,shackindo@intel.com,973-823-5948,2002-09-01,Environmental Tech,true
494,Gayle,Rockwill,grockwilldp@harvard.edu,856-901-8012,1982-04-08,Recruiting Manager,true
495,Saudra,Kembry,skembrydq@cornell.edu,689-628-2614,1961-08-27,Paralegal,false
496,Pieter,Blazy,pblazydr@pbs.org,145-855-8393,1959-06-12,Cost Accountant,true
497,Pattie,Cominello,pcominellods@ameblo.jp,719-572-5163,1976-04-22,Assistant Manager,true
498,Erinna,Maghull,emaghulldt@amazon.co.jp,380-726-0872,1983-11-23,Senior Financial Analyst,true
499,Wilfred,Seint,wseintdu@mlb.com,191-794-4263,1999-11-14,Marketing Manager,false
500,Willie,Echalier,wechalierdv@rambler.ru,979-306-7983,1972-01-28,Account Executive,true
501,Dora,Barclay,dbarclaydw@comcast.net,578-326-0430,1979-03-03,Accountant IV,true
502,Cynthia,Jervis,cjervisdx@china.com.cn,363-936-8504,1955-08-18,Occupational Therapist,true
503,Hilliary,Giffen,hgiffendy@mtv.com,173-145-8529,1950-05-18,Marketing Assistant,false
504,Malinde,Folan,mfolandz@photobucket.com,153-590-1588,2000-05-30,Assistant Professor,true
505,Jimmie,Santello,jsantelloe0@pcworld.com,864-718-4772,2009-12-22,Research Assistant IV,true
506,Addy,Braithwait,abraithwaite1@nbcnews.com,428-432-6861,1962-10-08,Marketing Assistant,false
507,Yale,Braunton,ybrauntone2@dailymotion.com,781-594-8947,1962-01-10,Media Manager IV,false
508,Rita,Sketh,rskethe3@newyorker.com,669-696-9200,1964-05-12,Help Desk Operator,false
509,Robin,Alabone,ralabonee4@foxnews.com,932-741-5108,2007-02-09,Research Associate,true
510,Jaime,Carleton,jcarletone5@imgur.com,161-192-8062,1940-06-04,Teacher,false
511,Kylie,Thoday,kthodaye6@nba.com,249-804-1132,1942-09-23,Social Worker,false
512,Etheline,Bavage,ebavagee7@earthlink.net,763-589-2414,1993-07-03,Systems Administrator I,false
513,Nyssa,Poor,npoore8@cmu.edu,917-655-2156,1937-12-20,Tax Accountant,true
514,Sharline,Rangall,srangalle9@slashdot.org,417-974-6314,1976-03-10,Human Resources Manager,false
515,Megen,Burnhams,mburnhamsea@netscape.com,428-307-1655,1936-05-27,Safety Technician I,true
516,Anthe,Schuelcke,aschuelckeeb@about.com,728-739-5767,1956-12-04,Administrative Assistant III,false
517,Salome,MacGowan,smacgowanec@shutterfly.com,776-873-9883,1990-09-30,Accounting Assistant I,false
518,Ilyssa,Atherley,iatherleyed@bloomberg.com,641-955-1180,1971-11-24,Nuclear Power Engineer,false
519,Renate,Gomme,rgommeee@army.mil,411-406-3057,1956-08-01,Clinical Specialist,false
520,Adan,Sheepy,asheepyef@pcworld.com,254-461-3022,2008-08-18,Structural Engineer,false
521,Ado,O'Lagen,aolageneg@amazon.de,670-489-2764,2004-06-01,VP Sales,false
522,Kissiah,Burrell,kburrelleh@yelp.com,253-962-1300,2007-06-10,Human Resources Manager,false
523,Ondrea,Mutter,omutterei@irs.gov,299-475-3846,2007-03-18,VP Accounting,true
524,Bertina,Badrock,bbadrockej@ezinearticles.com,510-119-5324,1964-03-05,Health Coach II,true
525,Winnah,Maus,wmausek@weebly.com,666-789-1261,2004-11-04,Financial Advisor,true
526,Randy,Labusch,rlabuschel@noaa.gov,557-935-9250,1968-01-26,Associate Professor,false
527,Heinrik,Esp,hespem@mail.ru,975-473-4810,2008-11-15,Chief Design Engineer,true
528,Harvey,Steven,hstevenen@cdc.gov,500-187-5174,1930-11-16,Office Assistant II,true
529,Shina,Sidle,ssidleeo@goo.ne.jp,516-483-4322,1993-03-10,Account Representative IV,true
530,Albert,Penrice,apenriceep@loc.gov,276-563-1789,1986-08-20,VP Product Management,true
531,Brittan,Suston,bsustoneq@ebay.co.uk,892-807-8992,1953-02-05,Senior Editor,true
532,Irving,Pennings,ipenningser@nydailynews.com,610-730-0875,1989-05-20,Occupational Therapist,true
533,Tonia,Shinton,tshintones@taobao.com,295-197-6338,1951-04-14,Senior Quality Engineer,false
534,Hilario,Mion,hmionet@ucla.edu,936-239-0116,1962-11-16,Developer III,false
535,Humbert,Beckley,hbeckleyeu@google.nl,949-572-5920,1978-12-08,Senior Quality Engineer,true
536,Bernete,Dabell,bdabellev@independent.co.uk,554-774-8897,1969-08-23,Chemical Engineer,false
537,Giusto,Pressland,gpresslandew@un.org,386-152-8140,1968-05-07,Research Nurse,false
538,Juan,Spellesy,jspellesyex@fotki.com,734-572-8706,1950-09-07,Help Desk Operator,false
539,Munmro,Allday,malldayey@kickstarter.com,298-942-7816,1968-02-08,VP Quality Control,true
540,Shayna,Crosetto,scrosettoez@about.me,872-169-3555,2002-09-03,Senior Editor,true
541,Gerrard,Ireson,giresonf0@timesonline.co.uk,873-144-0611,1976-06-07,Software Consultant,false
542,Faber,Pitcaithley,fpitcaithleyf1@dell.com,334-361-8822,1933-08-06,Research Assistant III,false
543,Vernon,Fidelus,vfidelusf2@hexun.com,468-503-8158,1952-06-14,Office Assistant II,true
544,Abbie,Neighbour,aneighbourf3@diigo.com,114-199-6027,1950-01-31,Research Associate,false
545,Tamra,Whyborn,twhybornf4@boston.com,787-381-6241,1934-08-01,Automation Specialist III,true
546,Priscilla,Bandey,pbandeyf5@geocities.com,981-402-3478,1943-03-07,Food Chemist,true
547,Don,Padfield,dpadfieldf6@123-reg.co.uk,323-544-6046,1980-05-11,Marketing Manager,false
548,Corrie,Pegden,cpegdenf7@arizona.edu,742-307-1108,1948-10-17,Administrative Officer,true
549,Holly-anne,Djurisic,hdjurisicf8@dropbox.com,222-176-9220,1989-07-30,Desktop Support Technician,true
550,Husein,Libbey,hlibbeyf9@washingtonpost.com,764-354-1031,1978-06-19,Software Consultant,true
551,Geralda,Petruk,gpetrukfa@aboutads.info,518-346-1159,1978-05-04,Software Test Engineer I,true
552,Juline,Meads,jmeadsfb@biglobe.ne.jp,552-949-8308,1971-05-23,Senior Developer,true
553,Tilly,McKague,tmckaguefc@soup.io,243-621-9210,1985-03-15,Assistant Manager,false
554,Merissa,Degenhardt,mdegenhardtfd@posterous.com,855-806-1243,1956-08-13,Human Resources Assistant IV,true
555,Gottfried,Ilem,gilemfe@desdev.cn,426-390-4376,1958-12-28,Statistician II,false
556,Chickie,Schettini,cschettiniff@naver.com,833-122-4008,1944-03-31,VP Sales,false
557,Constantino,Cuphus,ccuphusfg@51.la,566-674-5486,1939-07-01,Database Administrator I,false
558,Shalne,Goffe,sgoffefh@cnn.com,268-120-9489,1993-11-13,Clinical Specialist,false
559,Kristien,Skokoe,kskokoefi@smh.com.au,814-603-9716,1952-09-17,Data Coordiator,true
560,Evan,Goldberg,egoldbergfj@cnbc.com,492-511-7186,1948-06-05,Structural Engineer,true
561,Dael,Constantinou,dconstantinoufk@virginia.edu,834-383-5894,1937-08-26,Senior Sales Associate,true
562,Alix,Merryweather,amerryweatherfl@github.com,147-133-2215,1966-12-04,Occupational Therapist,true
563,Velma,Bosden,vbosdenfm@sina.com.cn,152-907-2161,1977-01-01,Statistician IV,true
564,Jessy,Skottle,jskottlefn@washington.edu,505-942-6913,1983-01-22,VP Sales,true
565,Gal,Louder,glouderfo@npr.org,390-704-4221,1975-08-13,Civil Engineer,false
566,Paige,Cleminshaw,pcleminshawfp@gravatar.com,843-895-8173,1935-04-29,Payment Adjustment Coordinator,true
567,Clementina,Rubinsky,crubinskyfq@marketwatch.com,453-642-3197,1977-01-31,Financial Analyst,false
568,Tildy,Pilkinton,tpilkintonfr@google.co.jp,246-411-5691,1930-02-05,Environmental Specialist,true
569,Britt,Chrestien,bchrestienfs@mapquest.com,632-292-6777,1956-12-24,Project Manager,true
570,Maryanna,Pollastrone,mpollastroneft@linkedin.com,367-180-6148,1956-02-03,Compensation Analyst,true
571,Harlene,Spreadbury,hspreadburyfu@blogtalkradio.com,456-919-3747,1939-09-08,Recruiting Manager,true
572,Geoffrey,Melsom,gmelsomfv@is.gd,276-442-0200,1974-04-13,Account Executive,false
573,Way,Gierardi,wgierardifw@independent.co.uk,733-703-4423,1990-02-21,Senior Sales Associate,false
574,Lalo,Killelay,lkillelayfx@icq.com,540-116-2514,1935-01-06,Payment Adjustment Coordinator,true
575,Marianna,Shimon,mshimonfy@nasa.gov,553-415-1201,1936-04-24,Recruiting Manager,true
576,Tabina,Ablett,tablettfz@mediafire.com,690-426-8689,1973-06-12,Clinical Specialist,true
577,Carlin,Dobrowolny,cdobrowolnyg0@arizona.edu,374-358-9083,1984-09-17,Engineer I,true
578,Giffie,Eustes,geustesg1@zimbio.com,411-377-4454,1949-10-29,Technical Writer,true
579,Malcolm,Sertin,mserting2@bloomberg.com,971-453-6872,1973-03-12,Systems Administrator III,false
580,Ag,Kolak,akolakg3@who.int,885-431-2264,1964-03-23,Software Test Engineer III,true
581,Gregorius,Lydford,glydfordg4@cnet.com,282-641-8123,1945-08-13,Financial Analyst,false
582,Kathe,Dockery,kdockeryg5@huffingtonpost.com,895-237-4306,2008-03-24,Senior Financial Analyst,true
583,Tally,Drivers,tdriversg6@soup.io,910-746-2188,1992-07-25,Systems Administrator I,false
584,Saree,Legges,sleggesg7@dedecms.com,880-368-4276,1954-04-22,Sales Representative,false
585,Berta,Weddeburn - Scrimgeour,bweddeburnscrimgeourg8@ebay.com,256-804-7662,1949-06-13,Professor,false
586,Humfrid,Rasor,hrasorg9@phoca.cz,744-779-2071,1985-01-27,Computer Systems Analyst IV,false
587,Hedwig,Rhead,hrheadga@drupal.org,228-120-0937,1957-06-13,Statistician III,false
588,Candi,Lawrey,clawreygb@youtu.be,972-448-3843,1964-01-28,Data Coordiator,false
589,Pearla,Bodell,pbodellgc@princeton.edu,899-140-2265,1997-02-14,Junior Executive,true
590,Raffaello,Harland,rharlandgd@wsj.com,887-224-1674,1949-03-26,Database Administrator II,false
591,Morlee,Thirtle,mthirtlege@thetimes.co.uk,194-439-8140,1987-05-30,Senior Cost Accountant,false
592,Akim,Northedge,anorthedgegf@webnode.com,256-196-6557,1947-08-31,Civil Engineer,true
593,Jarvis,Copestake,jcopestakegg@chron.com,500-186-6591,1956-02-13,Structural Analysis Engineer,true
594,Carina,Murfill,cmurfillgh@a8.net,446-809-8984,2008-02-13,Staff Accountant II,false
595,Amandy,Warstall,awarstallgi@msn.com,956-763-9486,1949-12-20,Human Resources Manager,true
596,Stephani,Plaid,splaidgj@globo.com,155-777-8782,1956-07-13,Product Engineer,false
597,Dar,Aubin,daubingk@aol.com,876-417-7357,1964-01-08,Senior Developer,true
598,Priscilla,Jeffcoat,pjeffcoatgl@hp.com,518-323-7609,1971-09-07,Editor,true
599,Elsbeth,Stickells,estickellsgm@google.de,342-304-3859,1956-05-13,Civil Engineer,true
600,Eddy,MacGaughey,emacgaugheygn@ucoz.ru,771-461-0830,1995-02-23,Speech Pathologist,false
601,Rosetta,Jorg,rjorggo@linkedin.com,355-271-8745,1959-07-01,Senior Developer,false
602,Maud,Eyton,meytongp@mac.com,140-762-2494,1997-07-16,Structural Engineer,false
603,Franzen,Linthead,flintheadgq@fema.gov,651-628-0374,1993-09-23,Assistant Media Planner,false
604,Brodie,Marfe,bmarfegr@mozilla.com,802-802-3072,1970-10-02,VP Quality Control,true
605,Mirabelle,Gionettitti,mgionettittigs@marriott.com,733-449-4606,1978-11-22,Accounting Assistant IV,true
606,Ronna,Coules,rcoulesgt@msn.com,553-304-0946,1986-04-02,Assistant Professor,true
607,Klara,Filipson,kfilipsongu@marketwatch.com,296-114-1351,2002-06-25,Physical Therapy Assistant,false
608,Casper,Abernethy,cabernethygv@free.fr,540-782-0972,1947-08-18,Environmental Tech,false
609,Pearce,Stanmore,pstanmoregw@studiopress.com,831-902-2021,1986-03-23,Community Outreach Specialist,false
610,Hester,Nesbeth,hnesbethgx@clickbank.net,256-530-6772,1937-04-04,Environmental Specialist,false
611,Jodie,Machon,jmachongy@tinypic.com,371-282-6167,1958-03-12,Statistician III,true
612,Wally,Drinkale,wdrinkalegz@addtoany.com,432-886-5647,1952-08-25,Clinical Specialist,true
613,El,Emmanuel,eemmanuelh0@bigcartel.com,252-648-6897,1946-10-23,Account Coordinator,true
614,Camellia,Comberbach,ccomberbachh1@arstechnica.com,893-411-4394,1939-07-17,Quality Engineer,false
615,Elsworth,Calcutt,ecalcutth2@bigcartel.com,363-738-1506,1973-11-03,Clinical Specialist,true
616,Sharleen,O'Suaird,sosuairdh3@nifty.com,111-449-5191,1935-06-03,Project Manager,false
617,Cicely,De Pietri,cdepietrih4@hostgator.com,929-780-2128,2006-01-09,Senior Sales Associate,false
618,Margery,Kynder,mkynderh5@uiuc.edu,409-696-0402,2008-10-24,Product Engineer,false
619,Jule,Lukash,jlukashh6@last.fm,818-529-3035,1932-10-13,Chemical Engineer,true
620,Chelsy,Baldocci,cbaldoccih7@ocn.ne.jp,759-699-1696,1964-02-29,Web Developer II,true
621,Sol,Bentham,sbenthamh8@archive.org,481-793-8400,1957-05-19,GIS Technical Architect,true
622,Ianthe,Waterman,iwatermanh9@sourceforge.net,168-764-9833,1999-09-03,Geologist I,false
623,Saul,Goulston,sgoulstonha@eventbrite.com,333-889-3613,1951-10-29,Research Nurse,false
624,Jillie,Groom,jgroomhb@stumbleupon.com,636-559-6346,1940-12-28,Cost Accountant,true
625,Rivi,Scowcraft,rscowcrafthc@tinypic.com,133-563-2525,1931-10-06,Electrical Engineer,true
626,Eunice,Rodrigo,erodrigohd@patch.com,758-927-2212,1938-06-08,Electrical Engineer,false
627,Betta,Vernham,bvernhamhe@over-blog.com,892-199-3130,1998-08-18,Staff Accountant II,false
628,Myrtice,Oldnall,moldnallhf@reddit.com,594-777-5268,1933-09-11,Media Manager IV,false
629,Kaylee,Cade,kcadehg@buzzfeed.com,946-792-2137,1971-07-13,Environmental Specialist,true
630,Dulci,Cribbott,dcribbotthh@digg.com,935-489-0971,2009-05-08,Tax Accountant,false
631,Aggy,Hugonet,ahugonethi@w3.org,276-849-5587,1935-02-04,Actuary,true
632,Eleen,Rissom,erissomhj@altervista.org,128-621-8118,1933-01-11,Director of Sales,true
633,Harald,Kingsworth,hkingsworthhk@google.cn,421-524-4580,1978-12-28,Financial Advisor,true
634,Clementius,Belbin,cbelbinhl@mediafire.com,923-811-4693,1985-04-30,Tax Accountant,true
635,Brodie,Lippingwell,blippingwellhm@oaic.gov.au,238-985-5592,1932-11-30,Administrative Officer,false
636,Thomasine,Rosone,trosonehn@princeton.edu,717-735-1320,1966-10-02,Internal Auditor,false
637,Cherye,Blenkinship,cblenkinshipho@uiuc.edu,774-363-9207,1991-05-01,Nurse Practicioner,false
638,Adey,Henzer,ahenzerhp@msn.com,703-630-4957,1994-07-20,Business Systems Development Analyst,false
639,Tamas,Achrameev,tachrameevhq@plala.or.jp,479-790-9828,1952-06-12,Sales Associate,true
640,Cale,Crocken,ccrockenhr@nhs.uk,225-978-9200,1947-05-12,Account Coordinator,false
641,Matthiew,Riepl,mrieplhs@opera.com,952-970-2998,1934-11-11,GIS Technical Architect,false
642,Uta,Farady,ufaradyht@nyu.edu,581-657-1490,1974-08-16,Cost Accountant,false
643,Roselle,Chalcraft,rchalcrafthu@people.com.cn,458-142-3502,2001-02-15,VP Accounting,true
644,Cece,McKilroe,cmckilroehv@shinystat.com,603-589-9987,1990-07-30,Sales Associate,true
645,Marguerite,Tunmore,mtunmorehw@wired.com,353-230-7186,1980-08-10,Marketing Manager,false
646,Ivor,Gigg,igigghx@about.me,682-782-7732,1982-11-28,Technical Writer,true
647,Bridie,Leeburn,bleeburnhy@spiegel.de,363-559-1449,1996-02-22,Programmer Analyst II,true
648,Kial,Rounds,kroundshz@google.com,233-176-2740,1963-01-11,Speech Pathologist,false
649,Bettine,Husher,bhusheri0@comsenz.com,303-491-2831,1996-08-10,General Manager,false
650,Tyne,Heams,theamsi1@gov.uk,753-735-6280,1965-10-26,Quality Control Specialist,true
651,Garwin,Brazelton,gbrazeltoni2@ustream.tv,163-410-0389,1957-05-01,Senior Sales Associate,false
652,Meta,Touson,mtousoni3@squidoo.com,521-550-8880,2001-11-18,Mechanical Systems Engineer,true
653,Fletch,McEntagart,fmcentagarti4@shareasale.com,972-456-4231,1941-12-07,Clinical Specialist,false
654,Clywd,Leathley,cleathleyi5@51.la,848-181-9672,2005-06-10,Product Engineer,true
655,Hube,McGaffey,hmcgaffeyi6@geocities.jp,929-738-1888,2007-01-06,Assistant Media Planner,false
656,Tiphanie,O'Lagen,tolageni7@creativecommons.org,643-600-7148,1990-05-06,Speech Pathologist,false
657,Drucie,Meekin,dmeekini8@alibaba.com,926-826-8234,1979-11-06,Operator,false
658,Kippy,Chesney,kchesneyi9@mlb.com,193-263-8379,1984-02-18,Paralegal,false
659,Karry,Kofax,kkofaxia@state.gov,978-892-4005,1946-04-18,Operator,true
660,Asa,Mably,amablyib@usnews.com,271-696-8948,1984-06-28,Research Nurse,false
661,Dell,Rottery,drotteryic@unesco.org,937-644-2304,1956-11-20,Project Manager,true
662,Alexis,Blinerman,ablinermanid@mayoclinic.com,894-571-4538,1990-11-27,Sales Representative,false
663,Boniface,Wasylkiewicz,bwasylkiewiczie@barnesandnoble.com,271-425-7900,2002-09-23,Community Outreach Specialist,false
664,Matias,Ormston,mormstonif@paginegialle.it,927-183-7370,1940-01-24,Software Consultant,true
665,Chic,Joost,cjoostig@over-blog.com,133-186-8563,1968-07-23,Safety Technician III,true
666,Danell,Walcot,dwalcotih@epa.gov,204-368-8423,1986-09-17,Research Assistant II,true
667,Sigmund,Checcucci,scheccucciii@liveinternet.ru,692-844-2924,1973-11-02,Programmer IV,true
668,Odessa,Camel,ocamelij@bloglovin.com,242-822-9593,1993-09-01,GIS Technical Architect,true
669,Neel,Carleman,ncarlemanik@tumblr.com,400-470-3240,1948-08-07,Operator,true
670,Joelle,Ravilious,jraviliousil@shinystat.com,903-543-1231,1967-02-25,Senior Editor,true
671,Cally,Garthshore,cgarthshoreim@shinystat.com,913-296-0148,1986-08-09,Desktop Support Technician,true
672,Giordano,Hallybone,ghallybonein@cargocollective.com,248-247-4240,1968-04-14,Internal Auditor,true
673,Rafaelita,Loade,rloadeio@craigslist.org,435-786-4386,1987-09-10,Budget/Accounting Analyst IV,true
674,Liv,Jaggi,ljaggiip@istockphoto.com,432-857-4033,1937-01-16,Data Coordiator,true
675,Vassili,Oggers,voggersiq@ucsd.edu,526-784-1546,1948-05-11,Information Systems Manager,true
676,Rozella,Rewcastle,rrewcastleir@discuz.net,288-682-4254,1952-09-09,Safety Technician II,false
677,Rick,Feldfisher,rfeldfisheris@arizona.edu,534-199-7500,1948-12-20,Office Assistant I,false
678,Cesya,Birdwhistell,cbirdwhistellit@miitbeian.gov.cn,422-244-9047,2002-06-01,Geologist III,true
679,Abel,Kellart,akellartiu@sina.com.cn,329-795-6097,1986-04-30,Chief Design Engineer,false
680,Brittany,Janous,bjanousiv@rediff.com,954-320-0396,1999-03-28,Assistant Media Planner,true
681,Xena,Kingscote,xkingscoteiw@admin.ch,331-719-8345,1946-08-13,Environmental Specialist,false
682,Urson,Hazart,uhazartix@mlb.com,227-162-1432,1941-03-24,Chief Design Engineer,false
683,Coop,Pavlata,cpavlataiy@wsj.com,396-476-0051,1945-12-18,Administrative Assistant IV,true
684,Lillis,Jouen,ljoueniz@stumbleupon.com,220-636-7307,1940-02-21,Product Engineer,false
685,Liesa,Byk,lbykj0@about.me,839-883-7680,1937-03-23,Administrative Officer,false
686,Rica,Clemmens,rclemmensj1@jigsy.com,455-924-0861,1947-01-22,Account Executive,false
687,Calley,Bankhurst,cbankhurstj2@virginia.edu,120-405-0774,1940-02-06,Civil Engineer,true
688,Fifi,Seer,fseerj3@comsenz.com,585-155-4227,1956-12-25,GIS Technical Architect,true
689,Madelle,Saph,msaphj4@hud.gov,287-437-6796,1935-08-16,VP Accounting,true
690,Heddi,Dulen,hdulenj5@ning.com,164-714-8523,1996-05-19,Staff Accountant III,false
691,Corrine,Borell,cborellj6@amazon.com,849-720-2597,1961-12-08,Senior Editor,false
692,Alverta,Kopps,akoppsj7@mapy.cz,925-530-4479,1944-02-10,Desktop Support Technician,true
693,Forest,Bithany,fbithanyj8@businessweek.com,798-590-6820,2001-04-21,Environmental Specialist,true
694,Dorthea,Dye,ddyej9@opensource.org,533-333-2727,1948-07-04,Environmental Specialist,false
695,Webster,Bates,wbatesja@telegraph.co.uk,759-963-5842,1971-06-19,Software Engineer III,false
696,Sindee,Chevin,schevinjb@narod.ru,415-818-8452,1941-06-14,Food Chemist,false
697,Britt,Satchel,bsatcheljc@macromedia.com,549-125-8669,1936-09-05,Human Resources Manager,false
698,Arvy,Woodnutt,awoodnuttjd@nps.gov,133-922-7544,2005-06-15,Actuary,false
699,Thebault,Finnis,tfinnisje@deviantart.com,499-913-8959,1977-02-04,Research Nurse,false
700,Nixie,Bramah,nbramahjf@unesco.org,793-659-8253,1977-09-08,Structural Engineer,true
701,Aurilia,Phizackarley,aphizackarleyjg@admin.ch,830-950-4912,1956-05-02,Recruiter,true
702,Renata,De La Coste,rdelacostejh@meetup.com,904-715-4675,1944-02-08,Marketing Manager,true
703,Adan,Asel,aaselji@liveinternet.ru,413-505-0118,1997-07-08,Compensation Analyst,true
704,Fina,Isaacs,fisaacsjj@bing.com,238-503-5872,1939-07-21,Recruiting Manager,false
705,Aila,Trayling,atraylingjk@google.com.au,504-646-0214,1959-01-31,Biostatistician I,true
706,Toby,Cookley,tcookleyjl@exblog.jp,382-619-3364,1969-09-19,Assistant Professor,false
707,Tome,Halpin,thalpinjm@nydailynews.com,785-539-7212,2002-09-16,Safety Technician I,true
708,Charmine,McGilroy,cmcgilroyjn@list-manage.com,705-101-8800,1979-06-03,Account Representative III,false
709,Phoebe,Dabling,pdablingjo@seattletimes.com,955-326-9255,2007-12-24,Account Executive,false
710,Nedda,Helks,nhelksjp@wikia.com,416-255-9669,1974-02-05,Paralegal,true
711,Waly,Maslin,wmaslinjq@devhub.com,531-810-3316,1966-03-17,Senior Financial Analyst,true
712,Ev,Riby,eribyjr@360.cn,545-923-8075,1985-06-04,Administrative Officer,true
713,Aaren,Bordis,abordisjs@addtoany.com,620-952-7874,1986-04-16,Human Resources Manager,true
714,Laurie,Myers,lmyersjt@reuters.com,890-141-2103,1984-05-21,Geologist III,true
715,Ugo,Morsom,umorsomju@so-net.ne.jp,139-859-8546,1965-04-20,Legal Assistant,true
716,Alejandrina,Wabey,awabeyjv@ted.com,383-532-1403,2006-12-22,Engineer I,true
717,Owen,Bodimeade,obodimeadejw@pen.io,737-980-3634,1931-04-16,Electrical Engineer,true
718,Lettie,Fossord,lfossordjx@nps.gov,480-473-4390,2008-01-28,Tax Accountant,false
719,Raynell,Espinheira,respinheirajy@lycos.com,263-709-5781,1939-03-28,Environmental Tech,false
720,Dame,Vagg,dvaggjz@nsw.gov.au,534-808-2623,1960-09-29,Web Developer I,true
721,Marian,Dailey,mdaileyk0@exblog.jp,435-431-7526,1976-10-07,Engineer II,true
722,Delores,Meese,dmeesek1@ocn.ne.jp,711-541-6496,1962-08-17,Office Assistant IV,false
723,Ashley,Coleman,acolemank2@psu.edu,989-874-2598,1940-12-17,VP Product Management,false
724,Rhianna,Druce,rdrucek3@etsy.com,355-418-1981,1976-04-15,Desktop Support Technician,true
725,Mattheus,Kidstoun,mkidstounk4@java.com,729-759-7662,1980-01-31,Help Desk Operator,true
726,Bess,Sawforde,bsawfordek5@netvibes.com,560-658-3767,1994-01-02,Geological Engineer,true
727,Aldrich,Spurling,aspurlingk6@smh.com.au,212-952-4904,1949-08-19,Developer IV,true
728,Frasco,Sivyour,fsivyourk7@go.com,736-430-9822,1977-07-21,Analyst Programmer,true
729,Asa,Paniman,apanimank8@nymag.com,845-510-0090,1934-12-16,Actuary,false
730,Valentia,Portsmouth,vportsmouthk9@stumbleupon.com,444-821-6919,1994-05-29,Nurse Practicioner,false
731,Innis,Phibb,iphibbka@gmpg.org,305-709-4576,1959-03-20,Research Assistant III,true
732,Donny,Paterson,dpatersonkb@paypal.com,653-170-9388,1977-04-29,Safety Technician IV,true
733,Idette,Mollatt,imollattkc@china.com.cn,548-802-0607,2005-10-08,Budget/Accounting Analyst III,true
734,Cecilla,Gianotti,cgianottikd@biglobe.ne.jp,170-740-8613,1966-12-27,Electrical Engineer,true
735,Marris,Layus,mlayuske@yahoo.com,268-848-9091,1951-10-01,Environmental Tech,false
736,Mireille,Bellinger,mbellingerkf@ft.com,394-829-7259,1954-10-04,Biostatistician IV,true
737,Dora,Ivanchin,divanchinkg@si.edu,791-543-1052,1930-02-20,Librarian,false
738,Ambrosi,Duchenne,aduchennekh@163.com,212-248-8646,1956-04-28,Financial Advisor,true
739,Valentina,Zannelli,vzannelliki@vimeo.com,234-885-2008,2001-01-22,Speech Pathologist,true
740,Florinda,Hazelgreave,fhazelgreavekj@jiathis.com,134-696-5704,1933-05-01,Sales Associate,false
741,Horst,Franc,hfranckk@sbwire.com,833-934-5478,2003-03-28,Media Manager III,false
742,Nessa,Millican,nmillicankl@deliciousdays.com,159-213-2195,1979-03-11,Sales Associate,true
743,Doreen,Pancost,dpancostkm@redcross.org,569-920-9091,1972-03-02,Geological Engineer,true
744,Lalo,Rawlins,lrawlinskn@ehow.com,570-773-5224,1972-08-31,Sales Associate,false
745,Savina,MacCook,smaccookko@usatoday.com,164-144-0897,2004-12-21,Editor,true
746,Caleb,Blasoni,cblasonikp@trellian.com,536-647-3336,1952-02-28,Staff Scientist,true
747,Bianka,Scanterbury,bscanterburykq@stanford.edu,564-695-7705,1954-10-12,Help Desk Operator,false
748,Wernher,Gorriessen,wgorriessenkr@admin.ch,539-330-3007,1946-10-09,Sales Representative,false
749,Tabor,Stocker,tstockerks@rakuten.co.jp,267-352-2812,1997-02-27,Geologist II,true
750,Torey,Weekly,tweeklykt@qq.com,989-364-0204,2009-08-30,Physical Therapy Assistant,true
751,Floris,Tsarovic,ftsarovicku@scribd.com,873-113-2887,1937-05-24,Recruiting Manager,false
752,Irwin,Loughran,iloughrankv@sitemeter.com,970-994-1851,1973-08-26,Account Executive,true
753,Megan,Bellew,mbellewkw@is.gd,799-565-5609,1956-12-29,Dental Hygienist,true
754,Angelika,Raunds,araundskx@netlog.com,896-414-1393,1999-06-01,Speech Pathologist,false
755,Ken,Cuxon,kcuxonky@twitter.com,259-186-9881,1931-08-18,Administrative Assistant I,false
756,Buffy,Chuter,bchuterkz@e-recht24.de,877-515-9999,1932-11-07,Human Resources Assistant IV,false
757,Trude,Matej,tmatejl0@nps.gov,294-348-8993,1973-11-23,Dental Hygienist,false
758,Ulysses,Grewes,ugrewesl1@people.com.cn,840-651-4915,1995-03-12,Director of Sales,true
759,Mallory,Greschke,mgreschkel2@msn.com,227-343-9996,1988-01-22,Web Designer II,true
760,Tallulah,Brigman,tbrigmanl3@vkontakte.ru,556-409-3798,1972-02-10,Software Engineer IV,true
761,Stephanie,Winterburn,swinterburnl4@bloomberg.com,760-113-6560,2001-09-11,Analyst Programmer,true
762,Farrah,Hepher,fhepherl5@columbia.edu,169-401-1294,1996-03-02,Sales Representative,false
763,Eileen,Boynes,eboynesl6@hibu.com,744-349-4904,1974-06-29,Senior Cost Accountant,false
764,Christean,Caraher,ccaraherl7@mozilla.com,880-536-4959,1957-04-14,Assistant Media Planner,true
765,Aksel,Dabney,adabneyl8@wsj.com,679-756-7446,1980-01-14,VP Sales,true
766,Vivie,Sporle,vsporlel9@ocn.ne.jp,893-372-9881,1979-03-13,Assistant Professor,false
767,Emalee,Thake,ethakela@wp.com,887-940-8542,1956-06-20,Web Designer I,false
768,Meyer,Kubal,mkuballb@amazon.co.uk,834-237-9687,1968-09-19,Computer Systems Analyst III,false
769,Susan,McCrie,smccrielc@google.com,419-782-2931,1991-02-16,VP Marketing,false
770,Vivianne,Coltman,vcoltmanld@amazon.co.jp,979-319-9687,1946-05-06,Sales Associate,true
771,Petronilla,Kenewell,pkenewellle@nhs.uk,174-479-2291,1931-07-10,Senior Editor,true
772,Otho,Proughten,oproughtenlf@webeden.co.uk,498-370-4057,1955-08-24,Administrative Assistant IV,false
773,Boy,Oggers,boggerslg@a8.net,813-319-5693,1942-11-16,Systems Administrator III,true
774,Nickolai,O' Timony,notimonylh@pagesperso-orange.fr,125-384-2177,1975-07-02,Pharmacist,false
775,Lief,Ales0,lalesli@theglobeandmail.com,850-960-0777,1949-03-12,Tax Accountant,true
776,Zara,Marwood,zmarwoodlj@hubpages.com,940-275-9036,1944-01-12,Environmental Specialist,false
777,Ty,de Leon,tdeleonlk@admin.ch,283-646-6739,1992-04-03,Operator,true
778,Giffy,McGlaughn,gmcglaughnll@admin.ch,350-849-5272,1964-01-12,Structural Analysis Engineer,true
779,Viv,Dewfall,vdewfalllm@naver.com,801-821-2946,1945-04-21,Senior Sales Associate,true
780,Roz,Surmon,rsurmonln@redcross.org,190-673-7145,2008-06-28,VP Marketing,true
781,Nicola,Morforth,nmorforthlo@drupal.org,421-487-0869,1969-01-20,Budget/Accounting Analyst IV,true
782,Valida,Elgram,velgramlp@meetup.com,435-338-1322,1932-04-02,Senior Editor,false
783,Robbie,Matyatin,rmatyatinlq@themeforest.net,861-969-5828,1979-05-24,Developer I,true
784,Earl,Drummer,edrummerlr@latimes.com,588-169-1961,1988-08-14,Community Outreach Specialist,true
785,Delinda,West-Frimley,dwestfrimleyls@gov.uk,348-798-4038,1932-10-10,Recruiting Manager,true
786,Hali,Spraging,hspraginglt@bloomberg.com,645-971-4260,1985-03-07,Teacher,false
787,Adolphe,Rathbone,arathbonelu@engadget.com,198-382-3775,1997-07-15,Marketing Assistant,true
788,Lorant,Southward,lsouthwardlv@oakley.com,848-595-5557,1958-05-26,Dental Hygienist,false
789,Robinet,Kuschek,rkuscheklw@tinyurl.com,948-617-0242,1957-12-28,Junior Executive,false
790,Carling,Babb,cbabblx@independent.co.uk,943-193-9371,1955-06-07,Research Assistant III,false
791,Cinda,Lilywhite,clilywhitely@ustream.tv,108-899-6722,1940-04-07,Community Outreach Specialist,false
792,Calli,Marke,cmarkelz@amazonaws.com,841-479-8427,1985-06-14,Software Engineer II,true
793,Joeann,Jackes,jjackesm0@businesswire.com,796-235-1369,1953-11-24,Programmer II,true
794,Ruthann,Kesten,rkestenm1@google.com,819-519-3387,1976-01-17,Software Consultant,true
795,Vittorio,Fewkes,vfewkesm2@berkeley.edu,715-884-4418,1930-01-25,Dental Hygienist,true
796,Morgen,Jeenes,mjeenesm3@reverbnation.com,889-250-7746,1998-11-02,Financial Advisor,true
797,Wynny,Pennetta,wpennettam4@stumbleupon.com,214-761-6411,1930-01-01,Assistant Manager,true
798,Nico,Govey,ngoveym5@nbcnews.com,829-212-2183,1952-03-17,Operator,false
799,Son,MacMurray,smacmurraym6@ucoz.com,609-455-5043,1953-09-21,Account Representative II,true
800,Zoe,Shapland,zshaplandm7@google.es,417-263-0325,1987-04-17,Software Test Engineer IV,true
801,Ree,Beart,rbeartm8@cbsnews.com,605-699-8892,1981-10-31,Geologist I,false
802,Norry,Raggitt,nraggittm9@nytimes.com,963-331-6973,1945-01-26,Web Designer III,false
803,Bax,Eccleshare,becclesharema@fda.gov,600-299-9277,1962-01-12,Structural Engineer,true
804,Iago,Cattermole,icattermolemb@cnbc.com,948-193-5588,1970-09-24,Senior Sales Associate,false
805,Loleta,McKeurtan,lmckeurtanmc@forbes.com,248-858-1188,2009-04-20,Analyst Programmer,false
806,Ulberto,MacQuarrie,umacquarriemd@so-net.ne.jp,740-714-7185,1975-05-10,VP Product Management,false
807,Nadine,Nenci,nnencime@army.mil,398-230-0460,2002-12-27,VP Marketing,true
808,Dennet,Witling,dwitlingmf@jalbum.net,846-811-2086,1939-04-03,Nuclear Power Engineer,false
809,Wakefield,Rozenbaum,wrozenbaummg@example.com,987-627-7211,1991-01-20,Speech Pathologist,false
810,Peria,Doohan,pdoohanmh@canalblog.com,337-133-3123,1995-05-26,Teacher,false
811,Bonita,Fursse,bfurssemi@jiathis.com,721-333-9467,1976-06-22,Sales Associate,true
812,Palmer,Margeram,pmargerammj@baidu.com,336-195-7645,1954-04-01,Accounting Assistant I,true
813,Erv,Sparkes,esparkesmk@4shared.com,797-861-8348,1942-02-01,Operator,true
814,Basia,Sprowles,bsprowlesml@delicious.com,747-378-5290,1971-03-30,Senior Developer,false
815,Rheta,Kerry,rkerrymm@surveymonkey.com,397-760-1365,1994-09-19,Associate Professor,false
816,Franky,Fuzzens,ffuzzensmn@hatena.ne.jp,776-807-2624,1993-01-25,Compensation Analyst,false
817,Arly,Scawn,ascawnmo@deliciousdays.com,949-964-4376,2010-10-09,Project Manager,true
818,Ronnie,Grzelak,rgrzelakmp@fema.gov,998-887-0633,2010-01-11,Account Representative I,true
819,Bree,Gillatt,bgillattmq@cbc.ca,449-728-8752,2000-04-24,Senior Cost Accountant,true
820,Towny,Dixon,tdixonmr@trellian.com,878-193-7291,1965-11-12,Engineer II,true
821,Edward,Dunbabin,edunbabinms@instagram.com,398-444-7370,2002-06-23,Sales Associate,false
822,Jaclyn,Bambra,jbambramt@vinaora.com,938-696-2520,1951-09-15,Paralegal,false
823,Megen,Tunnacliffe,mtunnacliffemu@prweb.com,364-793-8681,1976-01-24,General Manager,true
824,Sibilla,Gostall,sgostallmv@epa.gov,305-530-3543,1942-03-03,Biostatistician IV,false
825,Carmel,Barkly,cbarklymw@phoca.cz,195-221-5227,1934-03-07,VP Sales,true
826,Meaghan,Binnell,mbinnellmx@prlog.org,964-992-2521,1957-11-08,Analyst Programmer,false
827,Colin,Danilowicz,cdanilowiczmy@msu.edu,911-865-2921,2001-08-28,Senior Sales Associate,false
828,Bibbie,Prier,bpriermz@nba.com,270-274-9646,1940-06-08,Physical Therapy Assistant,true
829,Gerik,Halworth,ghalworthn0@weather.com,616-760-6096,1960-11-20,Assistant Manager,false
830,Thacher,Blundell,tblundelln1@moonfruit.com,520-470-5864,1984-04-15,Speech Pathologist,false
831,Ingeberg,Madelin,imadelinn2@time.com,198-227-2543,1998-03-31,Administrative Officer,true
832,Layton,Kiefer,lkiefern3@t-online.de,487-919-7465,2009-03-04,VP Quality Control,true
833,Saundra,Swindin,sswindinn4@netscape.com,964-875-2060,1974-10-21,Web Designer III,true
834,Virgil,McGeady,vmcgeadyn5@google.com,341-509-6843,1995-04-23,Assistant Manager,false
835,Hilario,Stollhofer,hstollhofern6@smh.com.au,312-256-7908,1988-12-05,Software Consultant,true
836,Colan,Mayho,cmayhon7@issuu.com,706-532-9937,1986-05-06,Nuclear Power Engineer,true
837,Consolata,Kruschev,ckruschevn8@dailymotion.com,493-171-9936,1973-05-17,GIS Technical Architect,true
838,Dorry,O'Cannon,docannonn9@omniture.com,194-764-8034,1993-11-04,Account Coordinator,false
839,Jasen,Thody,jthodyna@nytimes.com,267-332-6841,2007-08-27,Accountant I,false
840,Claudianus,Garvey,cgarveynb@dell.com,145-899-9053,1946-01-03,Financial Analyst,false
841,Em,Goodinson,egoodinsonnc@virginia.edu,224-400-1556,1942-12-14,Marketing Manager,false
842,Harlan,Keuning,hkeuningnd@microsoft.com,648-286-3433,1961-01-03,Product Engineer,false
843,Seymour,Peche,spechene@chicagotribune.com,147-396-7952,1947-03-08,Occupational Therapist,false
844,Allix,Bearcroft,abearcroftnf@vkontakte.ru,738-248-0104,1962-09-24,Physical Therapy Assistant,false
845,Binnie,Oldis,boldisng@slashdot.org,360-924-9298,1992-12-31,Sales Representative,false
846,Mercy,Coopper,mcooppernh@google.co.jp,352-588-4774,1986-11-15,Assistant Media Planner,false
847,Obie,Ivantsov,oivantsovni@histats.com,680-404-9162,2002-10-04,VP Product Management,true
848,Jarad,O'Shirine,joshirinenj@usda.gov,438-230-1005,1986-01-22,Paralegal,false
849,Udell,Alfonso,ualfonsonk@sitemeter.com,267-342-1257,1939-10-23,Human Resources Manager,true
850,Max,Limeburner,mlimeburnernl@weibo.com,138-930-5467,2005-02-18,Research Nurse,true
851,Si,Weerdenburg,sweerdenburgnm@wikipedia.org,407-887-3466,2001-10-15,Nurse Practicioner,true
852,Morty,Malden,mmaldennn@auda.org.au,139-590-0212,1993-06-26,Graphic Designer,true
853,Samaria,Kivelle,skivelleno@china.com.cn,383-678-9658,2009-12-19,Librarian,false
854,Moselle,Alessandretti,malessandrettinp@amazonaws.com,590-436-5837,1947-08-11,Operator,true
855,Desiree,Scandwright,dscandwrightnq@devhub.com,592-669-3715,1948-09-16,Civil Engineer,false
856,Aeriel,Eykelhof,aeykelhofnr@comcast.net,154-872-2000,2003-04-18,Community Outreach Specialist,true
857,Harley,Moyne,hmoynens@gravatar.com,314-953-3781,1935-03-06,Nuclear Power Engineer,true
858,Franny,Jeacop,fjeacopnt@imageshack.us,144-778-4272,1945-04-13,Research Associate,true
859,Monro,Arndell,marndellnu@cmu.edu,359-900-6646,1931-07-04,Account Coordinator,false
860,Angelia,Littrik,alittriknv@ow.ly,570-859-9369,1989-09-22,Food Chemist,false
861,Kristina,Eldershaw,keldershawnw@google.nl,497-817-7296,1936-06-29,Cost Accountant,false
862,Ettore,Sallery,esallerynx@nps.gov,486-967-7935,2007-03-08,Technical Writer,true
863,Renard,Leggs,rleggsny@vinaora.com,799-845-4298,2006-10-28,Web Designer II,false
864,Eba,Robillart,erobillartnz@fastcompany.com,747-634-0420,1963-08-28,Tax Accountant,false
865,Kaleb,Labbett,klabbetto0@google.ca,101-502-7329,1944-07-22,Environmental Tech,true
866,Horton,Tregiddo,htregiddoo1@topsy.com,320-798-1171,1945-01-18,Developer III,true
867,Aurora,Cafe,acafeo2@bluehost.com,914-471-1715,1981-12-09,Financial Analyst,false
868,Halette,Twiggs,htwiggso3@usnews.com,672-982-1725,1944-09-23,Executive Secretary,true
869,Lars,Rames,lrameso4@yolasite.com,954-258-3048,1953-03-06,Actuary,false
870,Barrie,Haville,bhavilleo5@simplemachines.org,682-478-2605,1954-11-05,Chief Design Engineer,true
871,Hanna,Dwelling,hdwellingo6@histats.com,695-730-0923,1976-03-30,Human Resources Manager,true
872,Benedikta,Lidgey,blidgeyo7@cafepress.com,881-837-8191,1975-06-19,Statistician I,false
873,Frances,Bartunek,fbartuneko8@wiley.com,221-461-3027,2004-09-21,Accountant I,true
874,Trumaine,Probin,tprobino9@meetup.com,452-243-1887,1986-08-21,Physical Therapy Assistant,true
875,Toinette,Traske,ttraskeoa@usda.gov,621-936-9458,1956-06-20,Legal Assistant,true
876,Bonita,Phizacklea,bphizackleaob@booking.com,634-726-3416,1958-10-28,Electrical Engineer,false
877,Emilia,MacGilfoyle,emacgilfoyleoc@imageshack.us,354-124-8470,1950-02-22,Staff Scientist,false
878,Witty,Lauchlan,wlauchlanod@dagondesign.com,465-810-7054,1966-02-18,Analog Circuit Design manager,false
879,Pet,Cunrado,pcunradooe@wp.com,716-607-3965,1941-07-30,Senior Editor,false
880,Claire,Wellum,cwellumof@mysql.com,533-952-0125,1994-01-15,Tax Accountant,false
881,Garner,Maryska,gmaryskaog@nationalgeographic.com,940-798-6555,1985-02-24,General Manager,false
882,Kienan,Herculeson,kherculesonoh@hubpages.com,956-156-4249,1958-09-01,Software Test Engineer IV,true
883,Tarrance,Cogdell,tcogdelloi@economist.com,109-259-5057,2007-02-19,Librarian,false
884,Sam,Mowson,smowsonoj@bravesites.com,188-177-8576,1970-02-16,Developer III,true
885,Angel,Snowden,asnowdenok@trellian.com,164-570-7585,1947-10-04,Biostatistician I,false
886,Cathe,Bellard,cbellardol@dell.com,918-252-4933,1956-04-21,Graphic Designer,false
887,Helen,Haith,hhaithom@t.co,423-548-4852,1941-12-22,Senior Financial Analyst,false
888,Archibald,Bembrigg,abembriggon@sbwire.com,893-608-5821,2004-10-10,Research Assistant I,true
889,Terrie,Haverson,thaversonoo@vk.com,107-748-8597,1973-07-07,Director of Sales,true
890,Sawyer,Rupp,sruppop@unicef.org,427-339-6909,1987-11-18,Senior Developer,true
891,Darryl,Boomes,dboomesoq@quantcast.com,211-616-5244,1977-12-26,Media Manager II,false
892,Cassius,Janes,cjanesor@foxnews.com,804-714-5659,1930-07-09,Account Representative IV,false
893,Jaymie,Durbin,jdurbinos@wikia.com,980-911-9762,1930-05-22,Assistant Professor,false
894,Solomon,Hankin,shankinot@aol.com,680-663-8337,1942-08-19,Librarian,false
895,Marsha,Mabbett,mmabbettou@t-online.de,272-107-5310,2010-05-23,Analyst Programmer,true
896,Edy,Maystone,emaystoneov@photobucket.com,509-423-5903,2006-09-06,VP Sales,true
897,Ddene,Hundal,dhundalow@hubpages.com,783-593-6503,1993-05-23,Software Test Engineer III,false
898,Nealy,Tunnicliffe,ntunnicliffeox@wordpress.com,913-777-6473,1989-03-04,Electrical Engineer,false
899,Cyndia,McSkin,cmcskinoy@phpbb.com,385-186-4005,1978-01-24,Software Consultant,false
900,Margo,Trevascus,mtrevascusoz@craigslist.org,506-529-3762,2009-05-14,Senior Cost Accountant,false
901,Stearn,Kane,skanep0@go.com,519-196-6557,1972-06-17,Community Outreach Specialist,true
902,Kesley,Carluccio,kcarlucciop1@google.nl,678-958-1159,2008-11-15,Paralegal,true
903,Norene,Della Scala,ndellascalap2@ox.ac.uk,308-256-5919,1989-08-03,VP Marketing,false
904,Kattie,Shoubridge,kshoubridgep3@harvard.edu,299-293-9008,1935-09-24,Nurse Practicioner,false
905,Mabel,Ourry,mourryp4@etsy.com,225-720-3167,1942-06-01,Account Representative I,true
906,Tally,Broschke,tbroschkep5@arstechnica.com,489-914-8544,1934-08-26,Geologist II,false
907,Beau,Cannam,bcannamp6@quantcast.com,197-522-5444,2009-09-26,Health Coach III,false
908,Eliza,Speck,especkp7@cpanel.net,658-409-9142,1943-06-02,Social Worker,true
909,Salli,Langtree,slangtreep8@cmu.edu,712-696-3020,2007-05-18,Graphic Designer,true
910,Dirk,Comrie,dcomriep9@indiatimes.com,371-760-4811,1953-07-16,Software Test Engineer III,true
911,Marco,Teesdale,mteesdalepa@booking.com,447-201-3199,1937-07-03,Financial Analyst,false
912,Delphinia,Skipton,dskiptonpb@jalbum.net,771-458-6092,1964-11-19,GIS Technical Architect,false
913,Tobe,Cosford,tcosfordpc@webs.com,855-344-6685,1972-02-09,Teacher,true
914,Barrie,Ferrari,bferraripd@nba.com,573-724-1188,2008-10-24,Programmer Analyst I,true
915,Ulrika,McEntee,umcenteepe@github.com,760-691-4551,1938-04-23,Statistician II,true
916,Yvor,Gilliland,ygillilandpf@csmonitor.com,680-799-5096,1979-08-24,Biostatistician II,false
917,Gram,Smiths,gsmithspg@quantcast.com,251-736-1019,2010-11-07,Assistant Manager,true
918,Harriette,Mulvaney,hmulvaneyph@cloudflare.com,958-956-9438,1952-08-05,VP Quality Control,true
919,Alana,Nuzzetti,anuzzettipi@dailymotion.com,927-188-8286,1957-05-29,Occupational Therapist,false
920,Phylys,Bonhome,pbonhomepj@jimdo.com,831-286-3580,1984-05-09,Assistant Manager,false
921,Kareem,Dovington,kdovingtonpk@purevolume.com,566-492-3023,1934-10-31,VP Quality Control,false
922,Thekla,Heinssen,theinssenpl@edublogs.org,284-384-8480,1962-03-03,General Manager,true
923,Kameko,Bon,kbonpm@wsj.com,359-988-0563,1959-03-27,Biostatistician IV,true
924,Felicle,Critcher,fcritcherpn@wikimedia.org,826-775-6708,1939-06-08,Chemical Engineer,true
925,Brade,Davis,bdavispo@cloudflare.com,928-719-9595,1986-08-10,General Manager,true
926,Alyson,Measor,ameasorpp@ihg.com,334-799-5001,1982-03-22,Speech Pathologist,true
927,Cally,Jakubowski,cjakubowskipq@illinois.edu,313-252-0560,2008-11-03,VP Quality Control,true
928,Benni,Westall,bwestallpr@macromedia.com,431-513-4184,1965-10-09,Sales Representative,false
929,Hali,Skowcraft,hskowcraftps@abc.net.au,907-111-2476,1950-02-11,Senior Quality Engineer,false
930,Guinna,Froggatt,gfroggattpt@elegantthemes.com,197-157-4779,1990-12-02,Senior Financial Analyst,true
931,Linea,Kleis,lkleispu@flavors.me,135-870-8363,1954-01-04,Social Worker,false
932,Shelton,Meneghi,smeneghipv@prlog.org,361-674-2551,1930-06-02,Account Representative III,false
933,Gus,Blackall,gblackallpw@sphinn.com,901-343-0531,1949-10-16,Internal Auditor,false
934,Donalt,Willson,dwillsonpx@51.la,418-584-2367,1994-05-26,Financial Analyst,false
935,Jasmina,Bozier,jbozierpy@hc360.com,333-135-1817,2000-01-25,Budget/Accounting Analyst II,false
936,Mallory,Kardos-Stowe,mkardosstowepz@alexa.com,351-532-8036,2005-07-11,Electrical Engineer,true
937,Avrit,Conachie,aconachieq0@stumbleupon.com,251-223-0123,1967-11-11,Health Coach I,true
938,Ailey,Stanyard,astanyardq1@webnode.com,362-569-0598,1966-12-22,Recruiting Manager,true
939,Tom,Dillamore,tdillamoreq2@unicef.org,255-822-8165,1996-09-06,Biostatistician III,false
940,Hill,Poltun,hpoltunq3@vkontakte.ru,828-592-2227,1961-11-11,Internal Auditor,true
941,Dorris,McDugal,dmcdugalq4@typepad.com,991-523-9330,1999-10-31,Occupational Therapist,true
942,Gerti,Didball,gdidballq5@samsung.com,580-212-4156,1988-03-15,Graphic Designer,true
943,Henka,Millgate,hmillgateq6@about.me,921-867-2328,1946-04-23,VP Marketing,false
944,Bank,MacUchadair,bmacuchadairq7@joomla.org,417-983-0637,1996-03-27,Recruiter,false
945,Mab,Veltmann,mveltmannq8@ning.com,788-162-0951,1981-07-04,Human Resources Assistant IV,true
946,Birgit,Jauncey,bjaunceyq9@tamu.edu,950-615-6193,1968-06-19,Account Coordinator,false
947,Erv,Dunster,edunsterqa@dailymotion.com,395-896-0984,1953-03-19,Assistant Media Planner,false
948,Stanton,Moral,smoralqb@cbc.ca,671-526-1317,1940-01-13,Assistant Manager,true
949,Broddie,Snasel,bsnaselqc@wikimedia.org,608-893-9458,2000-06-24,Project Manager,false
950,Dominica,Blackbrough,dblackbroughqd@forbes.com,635-457-8241,1930-05-03,Product Engineer,true
951,Danica,Dayley,ddayleyqe@blinklist.com,221-358-7892,1955-11-11,Operator,false
952,Constance,Dougan,cdouganqf@chron.com,183-429-4537,1950-06-22,Media Manager III,false
953,Othilie,Roylance,oroylanceqg@princeton.edu,382-125-1700,1964-03-19,Biostatistician III,true
954,Rebe,Tebbit,rtebbitqh@etsy.com,223-316-6237,1989-06-04,Nurse,true
955,Dill,Charnley,dcharnleyqi@springer.com,520-652-2995,2002-07-22,Environmental Specialist,true
956,Gregorius,Meron,gmeronqj@foxnews.com,867-468-3922,1979-04-08,Geological Engineer,false
957,Inger,Hearnes,ihearnesqk@drupal.org,139-754-9270,1953-09-11,Marketing Assistant,false
958,Chadd,Agates,cagatesql@parallels.com,194-324-8234,1971-09-30,Software Engineer III,true
959,Jodi,Grimbleby,jgrimblebyqm@baidu.com,606-143-6280,1977-08-27,Research Nurse,true
960,Vasili,Blankau,vblankauqn@epa.gov,847-615-4725,1993-02-25,Web Developer I,false
961,Lynn,McCunn,lmccunnqo@de.vu,304-943-6869,1993-01-18,Environmental Tech,true
962,Cornela,Loomis,cloomisqp@myspace.com,176-156-0005,2002-05-03,Technical Writer,false
963,Alvina,Issacson,aissacsonqq@wikimedia.org,210-562-2526,1936-09-04,Budget/Accounting Analyst I,false
964,Darcy,Breckon,dbreckonqr@cafepress.com,859-998-8728,1973-11-15,Senior Developer,false
965,Dawn,Baskerfield,dbaskerfieldqs@wikipedia.org,729-469-1050,1933-06-01,Nurse,true
966,Lexie,Rilton,lriltonqt@utexas.edu,564-884-7636,1931-07-10,Senior Editor,false
967,Anjela,Haselup,ahaselupqu@nationalgeographic.com,382-954-3274,1959-08-13,Help Desk Operator,true
968,Guenevere,Klessmann,gklessmannqv@youku.com,893-611-7391,1936-06-26,Graphic Designer,false
969,Amelie,Golde,agoldeqw@bloomberg.com,358-242-4297,2001-12-26,Staff Scientist,true
970,Farica,Tyas,ftyasqx@is.gd,157-535-2336,1991-08-25,Database Administrator IV,true
971,De,Peregrine,dperegrineqy@gravatar.com,308-355-7353,1992-02-19,Geological Engineer,false
972,Radcliffe,Jacklings,rjacklingsqz@columbia.edu,224-533-9096,2009-11-12,Accountant II,false
973,Conny,Dunlea,cdunlear0@themeforest.net,619-431-0277,1949-06-25,Geologist III,true
974,Jacinta,Eite,jeiter1@ebay.co.uk,812-155-3587,1959-11-29,Legal Assistant,false
975,Desirae,Dran,ddranr2@hud.gov,982-595-2863,2001-03-20,Assistant Manager,true
976,Darleen,Kemet,dkemetr3@bbc.co.uk,265-805-7238,1960-06-02,Paralegal,true
977,Siffre,Moreinu,smoreinur4@japanpost.jp,220-966-1155,2005-08-18,Marketing Manager,false
978,Noelani,Stanett,nstanettr5@jigsy.com,939-550-1284,1933-01-26,Human Resources Assistant II,true
979,Jone,Bumphries,jbumphriesr6@xrea.com,985-715-3004,1988-02-10,Programmer I,true
980,Bamby,Spieght,bspieghtr7@comsenz.com,328-108-7713,1959-05-16,VP Accounting,false
981,Ferguson,Assad,fassadr8@baidu.com,281-734-3072,1990-10-24,Senior Cost Accountant,true
982,Derick,Cathro,dcathror9@usgs.gov,703-489-6139,1994-08-10,Budget/Accounting Analyst III,false
983,Immanuel,McDuall,imcduallra@tumblr.com,964-667-4827,1932-09-20,Help Desk Operator,true
984,Nealson,Carson,ncarsonrb@berkeley.edu,965-949-6496,1982-09-08,General Manager,true
985,Ellis,Cressey,ecresseyrc@google.com.br,806-799-5259,1980-12-31,Accounting Assistant I,true
986,Nicolai,Minney,nminneyrd@shinystat.com,142-825-5133,1993-06-05,Compensation Analyst,true
987,Vonnie,Fattorini,vfattorinire@geocities.com,222-708-8312,1931-10-31,Technical Writer,true
988,Juliane,Jindracek,jjindracekrf@skype.com,275-918-9090,1987-01-20,Clinical Specialist,true
989,Nanci,O'Sirin,nosirinrg@altervista.org,344-884-0536,1941-10-14,Help Desk Operator,true
990,Norton,Lympany,nlympanyrh@dailymail.co.uk,638-400-3303,1965-07-10,Account Coordinator,true
991,Marcia,Seery,mseeryri@newsvine.com,740-877-5501,1948-10-23,Marketing Assistant,false
992,Ciel,Peckett,cpeckettrj@webnode.com,237-721-4459,1970-04-08,Computer Systems Analyst III,true
993,Janith,Lamy,jlamyrk@buzzfeed.com,477-773-7135,1961-07-05,Payment Adjustment Coordinator,false
994,Melitta,Hasted,mhastedrl@virginia.edu,459-185-6975,1988-06-29,Research Associate,true
995,Nickolaus,Beel,nbeelrm@ihg.com,399-405-9785,1940-11-20,Assistant Professor,false
996,Olivie,Torn,otornrn@storify.com,564-682-6112,1959-09-02,Research Assistant I,false
997,Hetty,Browse,hbrowsero@spotify.com,907-284-5819,1952-06-28,Junior Executive,true
998,Beth,Ratlee,bratleerp@github.io,547-966-6141,2002-05-15,Mechanical Systems Engineer,false
999,York,Broomfield,ybroomfieldrq@pinterest.com,425-526-1783,1997-08-22,Safety Technician III,true
1000,Chaddy,Welman,cwelmanrr@ucla.edu,786-104-7560,1960-12-10,Internal Auditor,true
